sep=;
ACCELEROMETER X (m/s²);ACCELEROMETER Y (m/s²);ACCELEROMETER Z (m/s²);LINEAR ACCELERATION X (m/s²);LINEAR ACCELERATION Y (m/s²);LINEAR ACCELERATION Z (m/s²);GYROSCOPE X (rad/s);GYROSCOPE Y (rad/s);GYROSCOPE Z (rad/s);Time since start in ms ;YYYY-MO-DD HH-MI-SS_SSS
-2.876;9.006;0.223;0.1622;-0.2818;-0.5988;-0.1053;0.1053;-0.0702;6;2020-06-05 23:06:28:190
-3.452;9.398;-0.162;-0.269;0.1348;-0.6445;0.4035;0.3684;0.0;106;2020-06-05 23:06:28:290
-2.944;9.127;-0.602;0.1525;-0.1777;-0.5366;0.6667;0.2456;0.3158;206;2020-06-05 23:06:28:390
-0.974;8.049;-2.063;1.535;-1.2335;-0.1369;2.0877;2.0877;0.2105;305;2020-06-05 23:06:28:489
-0.313;6.635;-3.199;1.4635;-2.0655;0.9623;3.3158;3.807;-0.1053;406;2020-06-05 23:06:28:590
-0.071;5.176;-10.996;-0.7008;-0.2984;-2.884;4.2807;2.807;-0.8421;506;2020-06-05 23:06:28:690
0.298;4.357;-10.099;-1.4527;1.0016;-1.0521;1.1754;-0.4035;-0.0526;606;2020-06-05 23:06:28:790
0.272;2.646;-7.315;-1.503;0.5064;2.0894;1.5614;0.4561;0.4386;706;2020-06-05 23:06:28:890
0.66;2.387;-9.219;-1.4526;1.4107;0.3075;1.3684;0.4912;0.3509;806;2020-06-05 23:06:28:990
1.8;0.166;-10.425;-0.1422;0.3138;-0.8137;0.7895;-0.2632;0.2807;906;2020-06-05 23:06:29:090
1.492;-0.325;-10.603;-0.1103;0.2761;-0.9468;0.2807;0.1228;-0.8596;1006;2020-06-05 23:06:29:190
2.147;-0.26;-10.967;-0.0581;-0.4119;-1.4127;-0.8772;0.1754;-0.9474;1106;2020-06-05 23:06:29:290
1.678;1.562;-10.834;-0.0287;0.6599;-1.2192;-0.7895;-0.9649;-0.9649;1205;2020-06-05 23:06:29:389
1.157;1.617;-10.348;-0.2513;-0.2515;-0.8246;-0.1053;-0.3333;-0.7544;1306;2020-06-05 23:06:29:490
1.861;1.976;-12.056;0.7352;0.0897;-2.4986;0.193;0.4912;-0.6842;1406;2020-06-05 23:06:29:590
1.561;1.806;-10.673;-0.2724;0.4246;-1.1388;0.7018;0.5789;-0.5263;1506;2020-06-05 23:06:29:690
0.966;1.598;-9.713;-0.7548;0.6674;-0.1035;0.0;-0.9649;-0.614;1606;2020-06-05 23:06:29:790
1.737;1.371;-11.089;0.4759;0.2811;-1.425;-0.0526;1.0351;-0.8246;1706;2020-06-05 23:06:29:890
1.922;1.398;-10.021;0.0735;0.2685;-0.4566;0.2982;0.4386;-1.1404;1806;2020-06-05 23:06:29:990
1.284;1.315;-9.486;-0.6098;0.3895;0.0914;0.7018;-0.4035;-1.5965;1906;2020-06-05 23:06:30:090
1.707;0.129;-10.332;0.2067;-0.5043;-0.6615;0.4035;-0.0702;-1.7018;2006;2020-06-05 23:06:30:190
1.646;-0.402;-9.206;-0.1889;-0.9157;0.4138;0.193;0.7719;-1.4211;2107;2020-06-05 23:06:30:291
1.52;-0.052;-9.056;-0.4535;-0.677;0.5297;-0.1228;-0.7719;-1.2632;2205;2020-06-05 23:06:30:389
1.552;0.712;-9.895;0.3074;-0.0417;-0.1969;0.6316;-0.0702;-1.4737;2305;2020-06-05 23:06:30:489
1.828;0.189;-9.41;0.4913;-0.2615;0.2947;0.3509;0.4035;-1.4035;2406;2020-06-05 23:06:30:590
2.025;0.681;-10.076;0.4037;0.3976;-0.4085;0.4035;0.3509;-1.1228;2506;2020-06-05 23:06:30:690
1.234;0.092;-9.204;-0.0761;-0.1562;0.5116;-0.1579;-1.0702;0.0351;2606;2020-06-05 23:06:30:790
2.166;-1.015;-9.646;0.8494;-1.4566;0.0618;-0.0175;0.7018;-0.6667;2706;2020-06-05 23:06:30:890
1.532;0.032;-9.638;-0.0237;-0.451;0.0324;-0.193;0.0351;-0.386;2806;2020-06-05 23:06:30:990
1.247;0.832;-9.5;-0.0218;-0.043;0.1848;-0.2982;-1.2456;0.0526;2906;2020-06-05 23:06:31:090
1.749;1.047;-10.254;0.7986;-0.0666;-0.5572;-0.3158;0.4035;0.3509;3006;2020-06-05 23:06:31:190
1.503;1.103;-10.021;-0.121;-0.342;-0.4583;-0.0877;0.5088;-0.0175;3105;2020-06-05 23:06:31:289
1.239;1.453;-9.456;-0.2597;0.1158;0.1428;0.4737;-1.2281;0.2456;3205;2020-06-05 23:06:31:389
1.517;0.604;-9.186;0.2015;-0.3701;0.4831;0.2456;0.1053;-0.1754;3306;2020-06-05 23:06:31:490
1.938;0.703;-10.668;0.5202;-0.0316;-0.9922;0.3509;0.4211;-0.0351;3406;2020-06-05 23:06:31:590
1.732;0.056;-9.374;-0.1422;-0.108;0.2505;0.7544;-0.0351;0.1754;3506;2020-06-05 23:06:31:690
1.826;-0.249;-9.455;0.1335;0.1697;0.1954;0.5614;-0.9474;0.3158;3606;2020-06-05 23:06:31:790
1.935;-0.453;-9.943;-0.0661;-0.1302;-0.3481;-0.9123;1.0526;0.2632;3706;2020-06-05 23:06:31:890
1.789;0.184;-9.343;-0.2891;-0.097;0.2368;-0.6667;-0.9474;0.4386;3806;2020-06-05 23:06:31:990
1.816;0.381;-9.458;0.1354;-0.2399;0.1836;0.1404;-0.3333;0.5965;3906;2020-06-05 23:06:32:090
1.969;0.118;-9.89;0.2029;-0.2027;-0.249;0.4737;0.1404;0.5614;4006;2020-06-05 23:06:32:190
2.17;-0.307;-10.519;-0.1979;0.1531;-1.0137;0.2982;0.9123;0.4035;4106;2020-06-05 23:06:32:290
2.06;-0.59;-9.5;-0.1864;-0.0049;0.0279;0.0;-1.4912;0.2105;4206;2020-06-05 23:06:32:390
2.122;-0.174;-10.257;0.2778;-0.2417;-0.6256;-0.9649;0.4035;-0.2281;4306;2020-06-05 23:06:32:490
1.996;0.554;-9.913;0.0833;-0.0795;-0.3156;-0.1579;-0.0351;-0.2982;4406;2020-06-05 23:06:32:590
2.078;0.05;-10.081;0.1611;-0.2709;-0.4689;0.807;-0.1228;-0.4211;4506;2020-06-05 23:06:32:690
2.002;-0.294;-9.738;0.096;-0.0845;-0.1206;0.7018;-0.6316;-0.5439;4605;2020-06-05 23:06:32:789
2.075;-0.436;-10.415;0.0356;0.0224;-0.8337;0.1053;0.7719;-0.7193;4705;2020-06-05 23:06:32:889
1.914;-0.249;-9.403;-0.188;-0.122;0.1749;-0.4386;-1.2982;-0.7193;4806;2020-06-05 23:06:32:990
2.506;0.694;-9.451;0.7602;0.0343;0.1764;-0.2632;0.4912;-0.4912;4906;2020-06-05 23:06:33:090
1.631;0.591;-9.324;-0.2711;-0.0114;0.2775;0.7193;-0.0175;-0.1053;5006;2020-06-05 23:06:33:190
2.006;-0.314;-10.231;-0.0473;-0.026;-0.646;0.4386;0.7368;0.1404;5106;2020-06-05 23:06:33:290
1.778;-0.392;-9.075;-0.2381;0.1464;0.5071;0.0702;-1.5263;0.3333;5206;2020-06-05 23:06:33:390
1.753;-0.175;-9.56;-0.2398;-0.0062;0.0406;-0.8246;1.193;0.5088;5306;2020-06-05 23:06:33:490
1.782;0.128;-9.251;-0.3155;-0.1623;0.3243;-0.5263;-0.9474;0.6842;5405;2020-06-05 23:06:33:589
1.885;0.463;-10.017;0.3059;0.0459;-0.3473;0.193;0.2281;0.9649;5506;2020-06-05 23:06:33:690
1.793;0.12;-9.154;-0.0206;0.1845;0.4833;0.8246;-0.1754;1.1053;5606;2020-06-05 23:06:33:790
2.13;-0.547;-10.376;-0.0601;0.2481;-0.8501;-0.2456;1.2456;0.807;5706;2020-06-05 23:06:33:890
1.957;-0.515;-9.261;-0.234;0.1554;0.2742;-0.4737;-1.6491;0.6667;5806;2020-06-05 23:06:33:990
2.102;-0.019;-10.288;0.4847;0.0065;-0.6157;-0.7018;0.9474;0.3333;5906;2020-06-05 23:06:34:090
1.895;0.33;-9.07;-0.2693;-0.0089;0.4888;0.0;-0.2281;0.1228;6006;2020-06-05 23:06:34:190
2.269;-0.017;-10.914;0.3487;0.1896;-1.2994;0.7018;0.8596;-0.2281;6106;2020-06-05 23:06:34:290
2.081;-0.584;-9.601;0.0729;0.1869;-0.0332;0.7544;-1.0;-0.4912;6206;2020-06-05 23:06:34:390
2.127;-0.547;-10.211;-0.1061;0.09;-0.6833;-0.6316;1.0351;-1.1228;6305;2020-06-05 23:06:34:489
1.956;-0.047;-9.56;-0.3261;-0.0708;-0.0226;-0.4561;-1.193;-1.2281;6405;2020-06-05 23:06:34:589
1.978;0.238;-10.407;0.4106;-0.2154;-0.737;0.2105;0.8772;-1.2105;6506;2020-06-05 23:06:34:690
1.781;0.254;-9.305;-0.2574;-0.0317;0.2832;0.8246;0.0;-1.1053;6606;2020-06-05 23:06:34:790
2.063;-0.278;-10.668;0.0533;-0.053;-1.0721;0.7018;0.4035;-1.0175;6706;2020-06-05 23:06:34:890
1.828;-0.339;-9.383;-0.2586;0.1144;0.1884;0.1053;-1.2807;-0.7895;6805;2020-06-05 23:06:34:989
1.948;0.089;-10.716;0.4184;-0.0436;-1.0303;-0.8246;1.5263;-0.5439;6906;2020-06-05 23:06:35:090
1.577;0.348;-8.63;-0.6049;-0.3278;0.9069;-0.2632;-0.6316;-0.1404;7006;2020-06-05 23:06:35:190
1.832;0.316;-10.077;0.3148;-0.1144;-0.398;0.5614;0.386;0.4561;7106;2020-06-05 23:06:35:290
1.82;-0.01;-9.56;0.1262;0.0839;0.0988;0.5789;-0.2105;0.7544;7206;2020-06-05 23:06:35:390
2.004;-0.458;-10.073;-0.0456;-0.0518;-0.4915;-0.2281;0.8596;0.9298;7306;2020-06-05 23:06:35:490
2.344;-0.694;-10.872;0.435;-0.5825;-1.2536;-0.614;0.193;0.8772;7406;2020-06-05 23:06:35:590
1.823;0.123;-9.95;-0.172;0.1102;-0.3484;0.2105;-0.5614;-0.4211;7505;2020-06-05 23:06:35:689
1.946;0.183;-10.461;0.0361;0.3607;-0.8438;0.0;0.2456;-0.0702;7606;2020-06-05 23:06:35:790
2.456;-0.428;-9.115;0.1838;-0.2798;0.4236;0.0702;-0.5439;-0.2807;7706;2020-06-05 23:06:35:890
1.921;0.325;-10.445;0.1174;0.4061;-0.806;-0.1754;-0.2456;-0.193;7806;2020-06-05 23:06:35:990
2.087;0.099;-9.877;0.3205;-0.1064;-0.233;-0.2281;0.3158;0.0351;7906;2020-06-05 23:06:36:090
1.766;0.175;-9.453;-0.289;-0.0389;0.1335;0.2807;0.0175;0.2105;8006;2020-06-05 23:06:36:190
1.981;-0.135;-10.546;0.2612;0.0424;-0.893;0.0702;0.2982;0.2281;8106;2020-06-05 23:06:36:290
1.867;-0.28;-9.84;-0.0416;-0.1077;-0.2224;-0.2105;-0.0526;0.2632;8205;2020-06-05 23:06:36:389
1.819;-0.082;-9.836;-0.0973;0.0653;-0.2195;0.0;0.0877;0.2456;8306;2020-06-05 23:06:36:490
2.183;-0.096;-9.966;0.2849;0.0045;-0.3453;-0.2456;-0.0175;0.2632;8406;2020-06-05 23:06:36:590
1.879;0.064;-9.956;0.1128;-0.0044;-0.3099;0.0175;-0.0351;0.2632;8506;2020-06-05 23:06:36:690
2.063;0.164;-10.135;0.2411;0.2474;-0.4994;0.2632;0.3333;0.2105;8606;2020-06-05 23:06:36:790
1.984;-0.062;-10.076;0.017;0.1769;-0.4716;0.0;-0.0526;0.1228;8706;2020-06-05 23:06:36:890
1.959;-0.087;-10.069;0.0924;0.1197;-0.4439;-0.0877;-0.2105;0.1228;8805;2020-06-05 23:06:36:989
2.105;-0.158;-9.921;0.2263;0.0353;-0.2979;-0.0351;0.0702;0.0;8906;2020-06-05 23:06:37:090
1.972;0.032;-9.891;0.016;0.1157;-0.2818;-0.0877;0.0;-0.0175;9005;2020-06-05 23:06:37:189
1.996;0.08;-9.72;0.1232;0.1696;-0.0942;0.1404;-0.1053;-0.0351;9106;2020-06-05 23:06:37:290
1.932;-0.209;-10.141;0.0999;0.0035;-0.5094;0.1579;0.0351;-0.0877;9206;2020-06-05 23:06:37:390
1.934;0.101;-9.981;0.07;0.211;-0.3538;-0.193;0.0526;-0.0702;9306;2020-06-05 23:06:37:490
1.954;0.057;-9.774;0.0581;0.0181;-0.1524;-0.0702;-0.1053;-0.0175;9406;2020-06-05 23:06:37:590
2.032;-0.08;-10.108;0.2355;-0.0381;-0.4674;0.1228;0.1404;0.0351;9506;2020-06-05 23:06:37:690
1.938;-0.02;-9.774;0.0424;0.0614;-0.1526;0.0;0.0;0.0526;9606;2020-06-05 23:06:37:790
1.932;0.027;-9.79;0.054;0.1204;-0.1653;0.0175;0.0526;0.1053;9706;2020-06-05 23:06:37:890
2.024;-0.12;-9.967;0.1173;-0.001;-0.3482;0.0;-0.0526;0.0877;9806;2020-06-05 23:06:37:990
2.004;0.114;-10.054;0.1687;0.0864;-0.4207;-0.2281;-0.0351;0.0877;9906;2020-06-05 23:06:38:090
1.885;0.15;-9.611;-0.0512;0.0735;0.0023;0.0877;-0.0702;0.1228;10006;2020-06-05 23:06:38:190
2.066;-0.186;-10.155;0.1743;-0.0471;-0.5335;0.0877;0.0877;0.0702;10105;2020-06-05 23:06:38:289
1.994;-0.047;-9.812;0.0641;0.0987;-0.1982;-0.0351;-0.0877;0.0351;10206;2020-06-05 23:06:38:390
1.971;-0.004;-9.881;0.076;0.1125;-0.2599;0.0;0.0702;0.0175;10306;2020-06-05 23:06:38:490
2.029;-0.086;-9.931;0.0589;0.0249;-0.3249;-0.0175;-0.0351;-0.0175;10406;2020-06-05 23:06:38:590
2.026;0.155;-10.178;0.2089;0.1688;-0.5412;0.0;0.1404;-0.0702;10506;2020-06-05 23:06:38:690
1.922;0.073;-9.603;-0.0223;0.1208;0.0089;0.2281;-0.0526;-0.0351;10606;2020-06-05 23:06:38:790
2.086;-0.338;-10.13;0.1543;-0.0573;-0.5196;0.2105;0.0351;-0.1228;10705;2020-06-05 23:06:38:889
2.002;-0.064;-9.966;0.0963;0.2262;-0.3507;-0.0175;-0.0526;-0.0351;10806;2020-06-05 23:06:38:990
2.039;-0.405;-10.157;0.1744;-0.06;-0.5354;0.0;0.0351;0.2632;10906;2020-06-05 23:06:39:090
1.926;0.439;-9.857;0.0142;0.7458;-0.2434;-0.2807;0.0;0.4211;11006;2020-06-05 23:06:39:190
2.141;-0.354;-10.486;0.2374;-0.1327;-0.8684;-0.0877;-0.0526;0.4737;11106;2020-06-05 23:06:39:290
1.766;0.056;-9.799;0.0109;0.2881;-0.1535;-0.0351;-0.0702;0.5439;11206;2020-06-05 23:06:39:390
1.896;-0.106;-9.984;0.083;0.0935;-0.3485;-0.1404;0.0175;0.5965;11306;2020-06-05 23:06:39:490
1.97;-0.001;-10.156;0.1744;0.1924;-0.5171;-0.1228;-0.0175;0.7193;11406;2020-06-05 23:06:39:590
1.914;-0.122;-10.141;0.1484;0.0792;-0.4967;-0.1404;0.1579;0.6667;11505;2020-06-05 23:06:39:689
1.865;-0.037;-10.01;0.0685;0.1546;-0.3712;-0.1404;-0.0351;0.6667;11606;2020-06-05 23:06:39:790
2.012;-0.011;-9.974;0.1822;0.1759;-0.3414;-0.0351;-0.0526;0.7544;11706;2020-06-05 23:06:39:890
1.923;-0.217;-9.969;0.2248;0.0577;-0.3144;-0.0351;0.0351;0.7895;11806;2020-06-05 23:06:39:990
1.902;-0.134;-10.015;0.0178;0.1535;-0.3954;-0.1754;0.0702;0.6491;11906;2020-06-05 23:06:40:090
1.808;0.037;-9.741;-0.0709;0.2763;-0.119;-0.0702;-0.2281;0.6842;12006;2020-06-05 23:06:40:190
2.117;-0.052;-10.184;0.4145;0.2039;-0.5297;-0.1228;0.1404;0.614;12105;2020-06-05 23:06:40:289
1.86;0.088;-9.975;0.089;0.3298;-0.3326;-0.1053;0.0526;0.7193;12206;2020-06-05 23:06:40:390
1.902;0.026;-9.793;0.0804;0.312;-0.1613;-0.0175;-0.1228;0.7544;12306;2020-06-05 23:06:40:490
1.939;-0.131;-10.081;0.2246;0.2274;-0.432;-0.0526;0.0;0.7193;12406;2020-06-05 23:06:40:590
2.054;0.028;-10.18;0.3059;0.4162;-0.5382;-0.0877;0.0526;0.7193;12506;2020-06-05 23:06:40:690
1.893;-0.124;-9.954;0.0729;0.2489;-0.3249;-0.1053;0.0175;0.7018;12606;2020-06-05 23:06:40:790
2.077;-0.156;-10.083;0.4153;0.2255;-0.4257;-0.1228;0.0175;0.6491;12705;2020-06-05 23:06:40:889
1.959;-0.047;-9.937;0.2172;0.3028;-0.2926;-0.1228;0.1228;0.7018;12806;2020-06-05 23:06:40:990
1.998;-0.093;-9.914;0.2182;0.2514;-0.2764;-0.0702;-0.1754;0.6842;12906;2020-06-05 23:06:41:090
1.994;-0.055;-10.072;0.3351;0.3187;-0.4139;-0.0877;0.0;0.6316;13006;2020-06-05 23:06:41:190
1.759;-0.1;-9.845;-0.0315;0.2352;-0.209;-0.1404;0.193;0.5965;13106;2020-06-05 23:06:41:290
1.982;-0.096;-9.986;0.2641;0.2281;-0.3364;-0.0877;-0.0877;0.614;13206;2020-06-05 23:06:41:390
1.878;-0.108;-9.84;0.1911;0.2113;-0.1848;-0.0877;0.0877;0.5789;13305;2020-06-05 23:06:41:489
1.79;-0.05;-9.804;0.0658;0.2573;-0.155;-0.0702;-0.0877;0.5263;13406;2020-06-05 23:06:41:590
2.057;0.003;-9.797;0.3947;0.3125;-0.1372;0.0;-0.1053;0.4737;13506;2020-06-05 23:06:41:690
2.045;-0.038;-10.017;0.4494;0.3109;-0.3473;-0.0175;-0.0702;0.4912;13606;2020-06-05 23:06:41:790
2.013;-0.239;-10.137;0.3299;0.1821;-0.485;0.0526;0.0;0.4211;13706;2020-06-05 23:06:41:890
2.041;-0.102;-9.772;0.3722;0.3518;-0.1191;-0.0351;-0.0702;0.2982;13805;2020-06-05 23:06:41:989
1.917;-0.239;-9.895;0.2329;0.1968;-0.2439;-0.0702;0.1053;0.2807;13906;2020-06-05 23:06:42:090
1.831;-0.201;-9.835;0.0804;0.2194;-0.195;0.0;-0.1053;0.3158;14006;2020-06-05 23:06:42:190
2.197;-0.314;-10.154;0.5422;0.144;-0.4988;-0.0526;0.1754;0.1579;14106;2020-06-05 23:06:42:290
1.758;-0.184;-9.858;5.0E-4;0.2444;-0.2196;-0.0175;0.0;0.0877;14206;2020-06-05 23:06:42:390
1.935;-0.211;-9.92;0.2607;0.2028;-0.2662;0.0351;-0.0702;0.0702;14306;2020-06-05 23:06:42:490
2.057;-0.289;-10.1;0.3177;0.1388;-0.4583;0.0;0.1404;0.0877;14406;2020-06-05 23:06:42:590
2.0;-0.226;-9.878;0.3376;0.2075;-0.223;0.0;-0.0526;0.0175;14505;2020-06-05 23:06:42:689
1.92;-0.286;-9.963;0.1473;0.1267;-0.3267;-0.0351;0.1404;0.0175;14605;2020-06-05 23:06:42:789
2.114;-0.087;-9.836;0.3806;0.2915;-0.1912;0.0351;-0.2105;0.0;14706;2020-06-05 23:06:42:890
2.036;-0.22;-10.038;0.3082;0.1495;-0.3918;-0.0175;0.1754;0.0;14806;2020-06-05 23:06:42:990
1.847;-0.25;-10.117;0.011;0.1095;-0.4905;0.0;-0.2456;0.0175;14906;2020-06-05 23:06:43:090
2.163;-0.158;-10.01;0.4706;0.1734;-0.3562;-0.0351;0.0175;0.0175;15006;2020-06-05 23:06:43:190
1.802;-0.094;-10.026;-0.0497;0.1813;-0.3997;-0.0175;0.0;0.0351;15106;2020-06-05 23:06:43:290
1.896;-0.146;-9.85;0.1016;0.1222;-0.2127;0.0175;-0.1754;0.0877;15206;2020-06-05 23:06:43:390
2.004;-0.059;-9.771;0.1933;0.1864;-0.1361;0.0;0.1754;0.0702;15306;2020-06-05 23:06:43:490
1.845;-0.102;-9.996;-0.0095;0.1575;-0.3698;0.0526;-0.1228;0.0526;15405;2020-06-05 23:06:43:589
1.971;-0.165;-9.988;0.1982;0.165;-0.3486;0.0351;0.0;0.0351;15506;2020-06-05 23:06:43:690
1.959;-0.214;-9.83;0.1375;0.1311;-0.2002;0.0;0.0702;0.0351;15606;2020-06-05 23:06:43:790
2.01;-0.208;-10.017;0.1896;0.1219;-0.3864;0.0;-0.0702;0.0526;15706;2020-06-05 23:06:43:890
1.987;-0.156;-9.992;0.1627;0.1705;-0.3621;0.0;0.0526;0.0175;15806;2020-06-05 23:06:43:990
1.933;-0.105;-9.971;0.069;0.2122;-0.3484;0.0175;0.0351;0.0175;15906;2020-06-05 23:06:44:090
2.036;-0.282;-9.842;0.162;0.0362;-0.2213;0.0351;-0.1053;0.0175;16005;2020-06-05 23:06:44:189
2.038;-0.286;-9.998;0.1978;0.0394;-0.371;-0.0175;0.0351;0.0;16106;2020-06-05 23:06:44:290
2.047;-0.217;-9.905;0.1825;0.0846;-0.282;0.0;-0.0526;0.0;16206;2020-06-05 23:06:44:390
2.055;-0.137;-9.993;0.2059;0.1608;-0.3669;0.0175;0.0351;0.0;16306;2020-06-05 23:06:44:490
1.942;-0.251;-9.834;0.065;0.0594;-0.2137;0.0175;-0.1228;0.0;16406;2020-06-05 23:06:44:590
2.253;-0.266;-9.89;0.4228;0.0713;-0.2616;0.0351;-0.0351;-0.0877;16506;2020-06-05 23:06:44:690
2.123;-0.578;-8.942;0.0561;-0.5256;0.6442;0.1053;-0.193;-1.8772;16606;2020-06-05 23:06:44:790
2.02;-0.577;-9.377;0.1943;-0.6684;0.2578;0.2807;-0.2807;-2.9123;16706;2020-06-05 23:06:44:890
1.653;-0.855;-9.178;-0.3009;-1.0577;0.4299;0.6316;0.3333;-3.7544;16806;2020-06-05 23:06:44:990
1.538;-0.919;-9.756;-0.2197;-0.9846;-0.1084;0.9649;-0.2105;-4.7193;16906;2020-06-05 23:06:45:090
1.31;-1.14;-9.877;-0.3517;-1.0655;-0.2124;0.7544;0.0702;-5.2632;17006;2020-06-05 23:06:45:190
1.189;-0.94;-9.694;-0.3794;-0.8739;-0.0138;0.7368;-0.4561;-5.2982;17105;2020-06-05 23:06:45:289
1.223;-0.673;-10.032;-0.3712;-0.7517;-0.3561;0.6491;0.2456;-4.8596;17207;2020-06-05 23:06:45:391
1.264;-0.313;-10.236;-0.2367;-0.3738;-0.545;0.7368;-0.0877;-4.2807;17306;2020-06-05 23:06:45:490
1.411;-0.082;-10.111;-0.3518;-0.0844;-0.4641;0.6491;0.4561;-3.5789;17406;2020-06-05 23:06:45:590
1.671;0.129;-10.773;0.0952;0.1703;-1.0939;0.3684;-0.2632;-2.2632;17505;2020-06-05 23:06:45:689
1.698;0.287;-10.361;0.0071;0.2044;-0.7016;-0.0175;0.0;-0.7895;17606;2020-06-05 23:06:45:790
1.76;0.513;-10.82;0.1864;0.314;-1.1425;-0.1404;-0.1404;0.2281;17706;2020-06-05 23:06:45:890
1.677;0.474;-10.448;0.0137;0.2062;-0.7871;-0.2281;0.193;1.2456;17806;2020-06-05 23:06:45:990
1.695;0.104;-10.811;0.1863;0.0132;-1.1215;-0.1579;-0.1579;2.6667;17906;2020-06-05 23:06:46:090
1.521;-0.205;-10.373;-0.1998;-0.1441;-0.7187;-0.5263;0.4386;3.386;18005;2020-06-05 23:06:46:189
1.553;-0.464;-10.78;0.0196;-0.3927;-1.0942;-0.7544;-0.2281;4.2281;18106;2020-06-05 23:06:46:290
1.464;-0.669;-10.362;-0.0553;-0.706;-0.6738;-0.8596;0.1579;4.7018;18206;2020-06-05 23:06:46:390
1.422;-0.781;-9.986;-0.0114;-0.796;-0.2847;-0.6316;-0.5614;4.7895;18306;2020-06-05 23:06:46:490
1.561;-0.833;-9.763;0.1539;-0.7448;-0.0582;-0.614;0.1404;4.4737;18406;2020-06-05 23:06:46:590
1.76;-0.903;-9.943;0.4197;-0.7054;-0.2304;-0.5965;0.0877;4.0175;18506;2020-06-05 23:06:46:690
1.897;-0.712;-9.411;0.3593;-0.5595;0.2731;-0.5965;-0.0526;3.0526;18606;2020-06-05 23:06:46:790
2.05;-0.6;-9.467;0.6293;-0.4629;0.2352;-0.4211;-0.1404;2.2807;18705;2020-06-05 23:06:46:889
2.087;-0.324;-8.919;0.4534;-0.2304;0.7502;-0.1228;0.1754;0.9474;18806;2020-06-05 23:06:46:990
2.205;-0.411;-9.202;0.6424;-0.2081;0.4772;0.1754;-0.193;0.0526;18906;2020-06-05 23:06:47:090
2.127;-0.647;-8.99;0.4081;-0.2551;0.6569;0.2456;0.0175;-1.2982;19006;2020-06-05 23:06:47:190
2.032;-0.574;-9.129;0.3845;-0.2008;0.5311;0.2281;-0.2105;-2.1579;19106;2020-06-05 23:06:47:290
1.849;-0.618;-9.223;0.092;-0.4498;0.4235;0.2456;0.1053;-2.8947;19206;2020-06-05 23:06:47:390
1.683;-0.592;-9.2;-0.0072;-0.5345;0.4597;0.5789;-0.386;-3.7018;19306;2020-06-05 23:06:47:490
1.635;-0.677;-9.816;0.0578;-0.5854;-0.1374;0.6667;0.5088;-4.1053;19405;2020-06-05 23:06:47:589
1.48;-0.721;-9.737;-0.3607;-0.5259;-0.1066;0.8772;-0.4211;-4.2807;19505;2020-06-05 23:06:47:689
1.514;-0.646;-10.02;-0.3167;-0.4824;-0.3871;0.5965;0.0;-4.1579;19606;2020-06-05 23:06:47:790
1.532;-0.385;-10.252;-0.2547;-0.3632;-0.6095;0.4737;-0.0877;-3.8421;19706;2020-06-05 23:06:47:890
1.654;-0.146;-10.575;-0.155;-0.386;-0.9396;0.3509;0.193;-3.1404;19806;2020-06-05 23:06:47:990
1.662;0.164;-10.362;-0.1228;-0.1942;-0.7258;0.4737;-0.2105;-2.5088;19906;2020-06-05 23:06:48:090
1.843;0.207;-10.804;0.071;-0.057;-1.1624;0.4211;0.2456;-1.7895;20005;2020-06-05 23:06:48:189
1.908;0.186;-10.864;0.1566;0.0121;-1.2166;0.1754;-0.2982;-0.6491;20106;2020-06-05 23:06:48:290
1.868;0.363;-10.809;0.1194;0.0757;-1.1638;-0.2632;0.193;0.4737;20205;2020-06-05 23:06:48:389
1.811;0.342;-10.575;0.093;-0.0256;-0.927;-0.2105;-0.4211;1.2807;20306;2020-06-05 23:06:48:490
1.758;0.141;-10.607;0.0414;-0.1515;-0.9562;-0.2807;0.0877;2.4035;20406;2020-06-05 23:06:48:590
1.638;-0.019;-10.367;-0.0552;-0.1513;-0.7085;-0.2456;-0.3509;3.0526;20506;2020-06-05 23:06:48:690
1.616;-0.35;-10.475;-0.097;-0.2366;-0.8198;-0.6316;0.2456;3.807;20606;2020-06-05 23:06:48:790
1.532;-0.639;-10.17;-0.0815;-0.4916;-0.4981;-0.7719;-0.2982;4.1053;20706;2020-06-05 23:06:48:890
1.422;-0.568;-9.64;-0.0584;-0.5231;0.0542;-0.7368;-0.1404;4.2982;20806;2020-06-05 23:06:48:990
1.54;-0.648;-9.777;0.166;-0.5565;-0.0675;-0.5965;0.0;4.2281;20905;2020-06-05 23:06:49:089
1.662;-0.668;-9.393;0.2426;-0.4221;0.3073;-0.4912;0.1228;3.9825;21005;2020-06-05 23:06:49:189
1.776;-0.796;-9.196;0.4209;-0.4431;0.5102;-0.386;-0.193;3.2807;21106;2020-06-05 23:06:49:290
1.946;-0.596;-9.07;0.4153;-0.2657;0.6108;-0.5263;0.2632;2.2105;21206;2020-06-05 23:06:49:390
2.056;-0.447;-8.994;0.5736;-0.2152;0.6972;-0.2456;-0.2982;1.2982;21306;2020-06-05 23:06:49:490
2.176;-0.381;-9.046;0.7082;-0.157;0.6476;0.0175;0.2105;0.0526;21406;2020-06-05 23:06:49:590
2.134;-0.424;-8.972;0.578;-0.1255;0.7058;0.2807;-0.2105;-0.8246;21506;2020-06-05 23:06:49:690
2.077;-0.554;-9.279;0.4029;-0.1168;0.3738;0.3333;0.1404;-1.7544;21606;2020-06-05 23:06:49:790
1.965;-0.747;-9.208;0.2301;-0.2996;0.4336;0.4737;-0.4737;-2.9825;21705;2020-06-05 23:06:49:889
1.816;-0.794;-9.828;0.0742;-0.5022;-0.1817;0.4561;0.2281;-4.0351;21806;2020-06-05 23:06:49:990
1.562;-0.669;-9.677;-0.2929;-0.4973;-0.0489;0.7193;-0.0702;-4.4211;21906;2020-06-05 23:06:50:090
1.516;-0.794;-10.343;-0.3421;-0.6317;-0.7153;0.8772;-0.0351;-4.6667;22006;2020-06-05 23:06:50:190
1.432;-0.766;-10.164;-0.5981;-0.6296;-0.5707;0.9123;-0.0702;-4.6491;22106;2020-06-05 23:06:50:290
1.533;-0.614;-10.631;-0.4337;-0.6328;-1.0236;0.5263;0.1228;-4.2456;22206;2020-06-05 23:06:50:390
1.525;-0.217;-10.488;-0.316;-0.4726;-0.8591;0.4035;-0.2456;-3.7544;22305;2020-06-05 23:06:50:489
1.646;0.167;-10.72;-0.1061;-0.3319;-1.084;0.4211;0.3158;-2.6491;22406;2020-06-05 23:06:50:590
1.671;0.277;-10.471;-0.0724;-0.1979;-0.8322;0.4386;-0.2105;-1.7368;22506;2020-06-05 23:06:50:690
1.798;0.372;-10.842;0.1584;0.0501;-1.1787;0.1228;0.2807;-0.2982;22606;2020-06-05 23:06:50:790
1.77;0.345;-10.589;0.0875;0.0743;-0.9315;-0.0351;-0.2456;0.6667;22706;2020-06-05 23:06:50:890
1.68;0.195;-10.508;-0.019;-0.131;-0.8552;-0.5263;0.1228;2.0877;22806;2020-06-05 23:06:50:990
1.502;0.161;-10.296;-0.1865;-0.2118;-0.643;-0.4737;-0.3333;3.0175;22906;2020-06-05 23:06:51:090
1.429;-0.181;-10.533;-0.2002;-0.3521;-0.8641;-0.4211;0.0877;3.8947;23005;2020-06-05 23:06:51:189
1.338;-0.693;-10.027;-0.3519;-0.6213;-0.3673;-0.5965;-0.1404;4.7018;23106;2020-06-05 23:06:51:290
1.381;-0.926;-10.295;-0.0935;-0.6973;-0.6025;-0.8947;0.2281;5.0351;23206;2020-06-05 23:06:51:390
1.326;-0.955;-9.771;-0.1888;-0.7928;-0.0834;-1.0;-0.0526;5.0175;23305;2020-06-05 23:06:51:489
1.498;-0.782;-9.549;0.105;-0.7009;0.1579;-0.7018;0.0351;4.5614;23405;2020-06-05 23:06:51:589
1.732;-0.849;-9.493;0.404;-0.6867;0.222;-0.4211;-0.1579;4.0;23506;2020-06-05 23:06:51:690
2.037;-0.724;-9.443;0.6006;-0.3519;0.2507;-0.3333;0.2281;2.7895;23606;2020-06-05 23:06:51:790
2.105;-0.614;-9.11;0.643;-0.1533;0.5761;-0.1579;-0.1053;1.8246;23706;2020-06-05 23:06:51:890
2.308;-0.6;-9.344;0.7235;-0.0917;0.3204;-0.1579;0.1754;0.1754;23806;2020-06-05 23:06:51:990
2.262;-0.506;-9.133;0.6567;-0.0978;0.5328;0.0;-0.3158;-0.8772;23906;2020-06-05 23:06:52:090
2.095;-0.498;-9.34;0.4698;-0.1701;0.3255;0.2632;0.0702;-1.9298;24006;2020-06-05 23:06:52:190
1.913;-0.749;-9.185;0.102;-0.3623;0.4452;0.6842;-0.2632;-3.2982;24105;2020-06-05 23:06:52:289
1.757;-0.961;-9.853;-0.0587;-0.5363;-0.2253;0.6316;0.2105;-4.3509;24206;2020-06-05 23:06:52:390
1.431;-0.933;-9.397;-0.5359;-0.6622;0.2066;0.7895;-0.2281;-4.807;24305;2020-06-05 23:06:52:489
1.406;-0.887;-10.337;-0.3637;-0.7514;-0.6923;0.6316;0.2456;-5.0526;24406;2020-06-05 23:06:52:590
1.277;-0.756;-9.835;-0.6696;-0.8038;-0.2236;0.7544;0.0702;-4.9123;24506;2020-06-05 23:06:52:690
1.361;-0.483;-10.203;-0.5021;-0.6451;-0.5763;0.7544;-0.0175;-4.2982;24606;2020-06-05 23:06:52:790
1.454;-0.208;-10.463;-0.3136;-0.3978;-0.8188;0.614;0.0;-3.6667;24706;2020-06-05 23:06:52:890
1.638;0.034;-10.647;-0.0464;-0.1718;-0.9883;0.5088;0.0;-2.8947;24806;2020-06-05 23:06:52:990
1.678;0.191;-10.346;-0.0308;-0.0905;-0.6935;0.1404;-0.1754;-1.5789;24906;2020-06-05 23:06:53:090
1.747;0.533;-10.689;0.1531;0.1087;-1.022;0.0;0.1404;-0.0877;25006;2020-06-05 23:06:53:190
1.725;0.495;-10.548;0.0769;0.1184;-0.8882;0.0526;-0.1053;0.9298;25106;2020-06-05 23:06:53:290
1.759;0.111;-10.78;0.1002;-0.0488;-1.116;-0.2982;0.0702;2.2456;25206;2020-06-05 23:06:53:390
1.641;-0.027;-10.581;-0.0821;-0.138;-0.9276;-0.4912;-0.1579;3.0175;25306;2020-06-05 23:06:53:490
1.579;-0.271;-10.781;-0.044;-0.3271;-1.1098;-0.6842;0.2281;3.9298;25405;2020-06-05 23:06:53:589
1.442;-0.503;-10.176;-0.2618;-0.5322;-0.5185;-0.7193;-0.2456;4.3684;25505;2020-06-05 23:06:53:689
1.546;-0.695;-10.508;0.163;-0.6208;-0.7996;-0.6316;0.0702;4.5965;25606;2020-06-05 23:06:53:790
1.557;-0.798;-10.03;0.1075;-0.6688;-0.3319;-0.6667;0.1053;4.5088;25706;2020-06-05 23:06:53:890
1.699;-0.764;-9.829;0.2262;-0.5622;-0.1357;-0.6316;0.0526;4.0175;25806;2020-06-05 23:06:53:990
1.86;-0.774;-9.765;0.424;-0.5355;-0.067;-0.5789;0.0;3.4737;25906;2020-06-05 23:06:54:090
2.007;-0.521;-9.404;0.5322;-0.3222;0.2891;-0.5439;0.0526;2.807;26006;2020-06-05 23:06:54:190
2.061;-0.348;-9.138;0.5587;-0.142;0.5507;-0.1228;0.0;1.6491;26105;2020-06-05 23:06:54:289
2.2;-0.472;-9.241;0.6362;-0.0436;0.4307;0.1053;0.1228;0.3158;26206;2020-06-05 23:06:54:390
2.182;-0.567;-9.063;0.5586;-0.0567;0.5949;0.1228;-0.1053;-0.5789;26306;2020-06-05 23:06:54:490
2.09;-0.501;-9.234;0.4519;-0.0277;0.4233;0.193;0.0702;-1.8596;26406;2020-06-05 23:06:54:590
1.932;-0.553;-9.128;0.1912;-0.1768;0.5156;0.3158;-0.1404;-2.5789;26506;2020-06-05 23:06:54:690
1.775;-0.545;-9.45;0.059;-0.3059;0.2024;0.5263;0.193;-3.5088;26606;2020-06-05 23:06:54:790
1.606;-0.621;-9.298;-0.3193;-0.409;0.3155;0.807;0.0;-3.8596;26706;2020-06-05 23:06:54:890
1.608;-0.73;-10.008;-0.214;-0.4225;-0.377;0.7018;-0.0175;-4.1404;26806;2020-06-05 23:06:54:990
1.528;-0.671;-9.921;-0.3802;-0.4575;-0.3042;0.5614;0.0526;-4.1404;26906;2020-06-05 23:06:55:090
1.568;-0.378;-10.283;-0.3162;-0.4447;-0.6593;0.5088;-0.0877;-3.9649;27005;2020-06-05 23:06:55:189
1.614;-0.159;-10.399;-0.202;-0.3962;-0.7649;0.4561;0.0526;-3.4035;27106;2020-06-05 23:06:55:290
1.726;0.045;-10.673;-0.0599;-0.2289;-1.0342;0.5614;0.2281;-2.5439;27206;2020-06-05 23:06:55:390
1.8;0.044;-10.603;-0.0449;-0.1538;-0.9735;0.4386;-0.0702;-1.9123;27306;2020-06-05 23:06:55:490
1.927;0.227;-10.964;0.2262;0.0256;-1.3081;0.0351;0.0351;-0.8421;27406;2020-06-05 23:06:55:590
1.874;0.355;-10.744;0.1442;0.0728;-1.0952;-0.0526;0.0;-0.0702;27506;2020-06-05 23:06:55:690
1.892;0.35;-10.952;0.1896;0.03;-1.2995;-0.1754;0.0175;1.0702;27606;2020-06-05 23:06:55:790
1.801;0.283;-10.587;0.0819;0.0139;-0.9359;-0.1404;-0.1404;1.807;27706;2020-06-05 23:06:55:890
1.788;-0.073;-10.8;0.1179;-0.0787;-1.1366;-0.1754;-0.0526;2.4912;27806;2020-06-05 23:06:55:990
1.677;-0.257;-10.452;-0.0963;-0.1641;-0.8075;-0.5965;0.0;3.3333;27905;2020-06-05 23:06:56:089
1.564;-0.362;-10.343;0.0269;-0.2965;-0.6578;-0.7018;-0.0351;3.8772;28006;2020-06-05 23:06:56:190
1.526;-0.471;-9.998;0.0129;-0.4352;-0.3089;-0.6842;0.0175;4.0526;28106;2020-06-05 23:06:56:290
1.592;-0.583;-9.785;0.123;-0.4505;-0.0899;-0.5088;-0.0526;4.0702;28206;2020-06-05 23:06:56:390
1.618;-0.67;-9.593;0.2234;-0.3837;0.1098;-0.4386;0.0;3.8772;28306;2020-06-05 23:06:56:490
1.788;-0.675;-9.367;0.3229;-0.2954;0.3222;-0.5789;0.193;3.2105;28406;2020-06-05 23:06:56:590
1.891;-0.554;-9.184;0.4088;-0.2369;0.5048;-0.4737;-0.0702;2.6316;28505;2020-06-05 23:06:56:689
2.068;-0.417;-9.162;0.7041;-0.1174;0.5447;-0.193;0.0702;1.5614;28606;2020-06-05 23:06:56:790
2.097;-0.399;-8.959;0.6168;-0.0654;0.7296;-0.0351;0.0351;0.7193;28706;2020-06-05 23:06:56:890
2.213;-0.421;-9.298;0.7236;0.054;0.3832;0.2281;0.0351;-0.5614;28806;2020-06-05 23:06:56:990
2.138;-0.555;-9.144;0.5525;0.0089;0.5172;0.2982;-0.1053;-1.4211;28906;2020-06-05 23:06:57:090
2.033;-0.6;-9.484;0.3941;-0.1014;0.1719;0.2456;-0.0526;-2.6667;29006;2020-06-05 23:06:57:190
1.895;-0.594;-9.484;0.0836;-0.255;0.1479;0.4561;0.0175;-3.4035;29106;2020-06-05 23:06:57:290
1.719;-0.693;-9.944;-0.0742;-0.4277;-0.3063;0.7193;0.0175;-4.1053;29206;2020-06-05 23:06:57:390
1.607;-0.75;-10.032;-0.3181;-0.5065;-0.4192;0.7895;0.1404;-4.3684;29306;2020-06-05 23:06:57:490
1.523;-0.711;-10.283;-0.5171;-0.5848;-0.6917;0.7368;-0.1579;-4.4561;29406;2020-06-05 23:06:57:590
1.547;-0.59;-10.447;-0.3679;-0.6205;-0.8292;0.5789;-0.0877;-4.2982;29506;2020-06-05 23:06:57:690
1.594;-0.229;-10.698;-0.2029;-0.4949;-1.061;0.5263;0.2105;-3.6842;29605;2020-06-05 23:06:57:789
1.601;-0.041;-10.542;-0.2177;-0.38;-0.9114;0.5263;0.0175;-3.0526;29706;2020-06-05 23:06:57:890
1.719;0.233;-10.671;0.0363;-0.0988;-1.0155;0.4386;-0.0175;-2.3333;29806;2020-06-05 23:06:57:990
1.782;0.33;-10.725;0.1112;0.0642;-1.0654;0.2982;0.0526;-1.0351;29906;2020-06-05 23:06:58:090
1.857;0.284;-10.89;0.2334;0.0872;-1.2207;-0.1228;0.0526;0.3509;30006;2020-06-05 23:06:58:190
1.708;0.35;-10.441;0.0187;0.0709;-0.785;-0.3158;-0.0175;1.2807;30106;2020-06-05 23:06:58:290
1.656;0.199;-10.659;0.0687;-0.0536;-0.985;-0.2982;0.0;2.6491;30206;2020-06-05 23:06:58:390
1.546;-0.11;-10.381;-0.1117;-0.2325;-0.7162;-0.4386;0.0;3.5088;30306;2020-06-05 23:06:58:490
1.411;-0.484;-10.242;-0.1702;-0.4218;-0.5639;-0.6316;-0.0526;4.3509;30406;2020-06-05 23:06:58:590
1.426;-0.669;-10.346;-0.0842;-0.5375;-0.6572;-0.7544;0.1404;4.6667;30505;2020-06-05 23:06:58:689
1.387;-0.826;-9.798;-0.178;-0.7203;-0.1176;-0.8772;-0.0877;4.7895;30606;2020-06-05 23:06:58:790
1.461;-0.823;-9.739;0.0707;-0.6785;-0.0325;-0.6842;-0.1404;4.6491;30706;2020-06-05 23:06:58:890
1.717;-0.76;-9.725;0.3606;-0.52;-0.0156;-0.5439;0.2632;4.0;30806;2020-06-05 23:06:58:990
1.843;-0.715;-9.262;0.3856;-0.3944;0.4304;-0.386;-0.0351;3.3158;30906;2020-06-05 23:06:59:090
2.174;-0.675;-9.553;0.7758;-0.1631;0.14;-0.2281;0.2456;2.0175;31006;2020-06-05 23:06:59:190
2.215;-0.623;-9.202;0.6714;-0.0956;0.468;-0.2281;-0.0175;1.0175;31105;2020-06-05 23:06:59:289
2.267;-0.379;-9.342;0.7762;0.0659;0.3405;0.0351;0.0;-0.5088;31206;2020-06-05 23:06:59:390
2.196;-0.472;-9.196;0.5963;-0.03;0.4692;0.3158;0.0175;-1.5263;31306;2020-06-05 23:06:59:490
2.074;-0.663;-9.656;0.401;-0.1515;-0.0066;0.4561;0.0175;-2.8947;31406;2020-06-05 23:06:59:590
1.829;-0.758;-9.379;-0.0519;-0.286;0.234;0.6316;-0.0351;-3.7368;31506;2020-06-05 23:06:59:690
1.6;-0.907;-9.75;-0.2536;-0.5224;-0.1278;0.6842;-0.2281;-4.3158;31605;2020-06-05 23:06:59:789
1.52;-0.885;-10.079;-0.3408;-0.6672;-0.453;0.5965;0.1579;-4.807;31706;2020-06-05 23:06:59:890
1.343;-0.691;-9.936;-0.6117;-0.7208;-0.3262;0.7895;-0.0175;-4.7544;31806;2020-06-05 23:06:59:990
1.353;-0.551;-10.117;-0.5163;-0.6527;-0.4907;0.7895;-0.0526;-4.4912;31906;2020-06-05 23:07:00:090
1.491;-0.283;-10.484;-0.3042;-0.3942;-0.8437;0.6667;0.1754;-3.7193;32006;2020-06-05 23:07:00:190
1.547;-0.147;-10.309;-0.2684;-0.271;-0.6726;0.4912;-0.1228;-3.0175;32106;2020-06-05 23:07:00:290
1.703;0.272;-10.673;0.0706;-0.0041;-1.0071;0.2105;-0.0702;-2.2456;32205;2020-06-05 23:07:00:389
1.717;0.456;-10.466;0.0248;0.0854;-0.8136;0.1579;0.0;-0.8421;32306;2020-06-05 23:07:00:490
1.828;0.35;-10.776;0.1838;0.0965;-1.1115;0.0175;0.0526;0.5789;32406;2020-06-05 23:07:00:590
1.764;0.287;-10.595;0.0563;0.118;-0.9397;-0.1579;-0.0175;1.4912;32505;2020-06-05 23:07:00:689
1.732;0.037;-10.862;0.0618;-0.0255;-1.1988;-0.4386;0.1053;2.7018;32606;2020-06-05 23:07:00:790
1.623;-0.161;-10.485;-0.122;-0.2076;-0.835;-0.614;-0.0526;3.3509;32706;2020-06-05 23:07:00:890
1.531;-0.336;-10.443;-0.0679;-0.3736;-0.7676;-0.6316;-0.193;4.1404;32806;2020-06-05 23:07:00:990
1.547;-0.511;-10.504;0.0373;-0.4676;-0.8144;-0.5789;0.1053;4.4035;32906;2020-06-05 23:07:01:090
1.585;-0.75;-10.166;0.0497;-0.5368;-0.4826;-0.6316;0.1053;4.4035;33006;2020-06-05 23:07:01:190
1.656;-0.828;-9.881;0.1506;-0.5495;-0.1946;-0.6667;-0.0702;4.1754;33106;2020-06-05 23:07:01:290
1.817;-0.675;-9.772;0.3935;-0.4623;-0.0716;-0.7018;0.193;3.5088;33205;2020-06-05 23:07:01:389
1.873;-0.495;-9.344;0.375;-0.3448;0.3464;-0.4561;-0.0702;2.9123;33306;2020-06-05 23:07:01:490
2.114;-0.465;-9.444;0.6525;-0.1429;0.2478;-0.0702;0.1228;1.807;33406;2020-06-05 23:07:01:590
2.16;-0.514;-9.195;0.5932;-0.0282;0.4735;0.0;0.0;0.9825;33505;2020-06-05 23:07:01:689
2.184;-0.452;-9.249;0.6096;0.125;0.4132;0.0351;0.0702;-0.3333;33606;2020-06-05 23:07:01:790
2.128;-0.515;-9.092;0.4464;0.0196;0.5546;0.1053;-0.0702;-1.193;33706;2020-06-05 23:07:01:890
2.015;-0.448;-9.277;0.3742;-0.0765;0.3843;0.2281;-0.0351;-2.3333;33806;2020-06-05 23:07:01:990
1.843;-0.441;-9.172;0.0608;-0.1766;0.4677;0.4737;0.1404;-2.9474;33906;2020-06-05 23:07:02:090
1.709;-0.663;-9.592;-0.127;-0.3517;0.0362;0.7018;-0.1404;-3.6667;34006;2020-06-05 23:07:02:190
1.64;-0.702;-9.725;-0.2367;-0.3919;-0.1046;0.614;0.0175;-3.9298;34106;2020-06-05 23:07:02:290
1.587;-0.581;-9.979;-0.2858;-0.428;-0.354;0.5263;0.0;-4.0351;34206;2020-06-05 23:07:02:390
1.546;-0.43;-9.996;-0.2964;-0.4504;-0.364;0.5088;-0.1404;-3.8772;34306;2020-06-05 23:07:02:490
1.594;-0.153;-10.326;-0.1979;-0.333;-0.6861;0.5965;0.2807;-3.3684;34405;2020-06-05 23:07:02:589
1.667;-0.106;-10.369;-0.1789;-0.2476;-0.7387;0.6316;0.0;-2.8772;34506;2020-06-05 23:07:02:690
1.834;0.037;-10.806;0.0917;-0.0296;-1.1556;0.3333;0.0;-2.0;34606;2020-06-05 23:07:02:790
1.859;0.168;-10.749;0.093;0.0533;-1.1033;0.1404;0.0877;-1.3333;34706;2020-06-05 23:07:02:890
1.948;0.289;-11.017;0.2307;0.0682;-1.3644;-0.0702;0.0702;-0.2456;34806;2020-06-05 23:07:02:990
1.86;0.424;-10.667;0.1064;0.1416;-1.0225;-0.0702;-0.0702;0.5263;34906;2020-06-05 23:07:03:090
1.861;0.271;-10.816;0.172;0.1434;-1.1567;-0.0526;0.0877;1.614;35006;2020-06-05 23:07:03:190
1.85;-0.017;-10.751;0.097;0.0184;-1.1024;-0.2632;0.0877;2.2456;35105;2020-06-05 23:07:03:289
1.732;-0.171;-10.627;0.0637;-0.0825;-0.9637;-0.5965;-0.0702;3.1053;35206;2020-06-05 23:07:03:390
1.608;-0.222;-10.258;-0.0323;-0.1891;-0.5896;-0.6491;0.0;3.5088;35305;2020-06-05 23:07:03:489
1.592;-0.369;-10.155;0.0044;-0.3235;-0.4778;-0.5965;0.1053;3.8772;35406;2020-06-05 23:07:03:590
1.564;-0.52;-9.792;0.0464;-0.361;-0.1048;-0.4561;-0.2105;3.9649;35506;2020-06-05 23:07:03:690
1.67;-0.675;-9.7;0.2364;-0.3467;-0.0043;-0.5614;0.2632;3.7193;35606;2020-06-05 23:07:03:790
1.72;-0.596;-9.389;0.1684;-0.2634;0.2884;-0.5965;0.0877;3.386;35706;2020-06-05 23:07:03:890
1.908;-0.496;-9.435;0.4965;-0.1779;0.2643;-0.4561;-0.1228;2.9298;35806;2020-06-05 23:07:03:990
1.977;-0.475;-9.099;0.5179;-0.1603;0.5934;-0.2807;0.0526;2.0;35905;2020-06-05 23:07:04:089
2.126;-0.325;-9.227;0.6862;0.0767;0.4651;0.0175;0.0351;0.8772;36006;2020-06-05 23:07:04:190
2.151;-0.429;-9.103;0.6011;0.0834;0.5668;0.1404;0.0526;0.0526;36106;2020-06-05 23:07:04:290
2.187;-0.568;-9.354;0.6365;0.0343;0.3105;0.1053;-0.0702;-1.2105;36206;2020-06-05 23:07:04:390
2.084;-0.477;-9.305;0.4108;0.0038;0.3459;0.1579;0.0175;-2.0175;36306;2020-06-05 23:07:04:490
1.939;-0.499;-9.546;0.2021;-0.1925;0.1007;0.3509;-0.1579;-2.7018;36406;2020-06-05 23:07:04:590
1.806;-0.622;-9.642;-0.0048;-0.3534;-0.0077;0.5789;0.0;-3.614;36506;2020-06-05 23:07:04:690
1.677;-0.684;-9.988;-0.2726;-0.4642;-0.3796;0.7719;0.0526;-4.1053;36605;2020-06-05 23:07:04:789
1.606;-0.721;-10.124;-0.3355;-0.5376;-0.5132;0.7193;-0.1754;-4.2456;36706;2020-06-05 23:07:04:890
1.586;-0.507;-10.44;-0.2043;-0.5061;-0.7982;0.5439;0.0175;-4.1579;36806;2020-06-05 23:07:04:990
1.58;-0.344;-10.455;-0.2885;-0.5039;-0.8293;0.5614;0.1754;-3.8421;36906;2020-06-05 23:07:05:090
1.676;-0.052;-10.758;-0.0215;-0.2951;-1.1024;0.5263;0.0351;-3.0702;37006;2020-06-05 23:07:05:190
1.686;0.107;-10.539;-0.0559;-0.1154;-0.8908;0.5263;0.1404;-2.386;37106;2020-06-05 23:07:05:290
1.844;0.174;-10.889;0.1534;0.0805;-1.2296;0.4035;-0.0702;-1.614;37205;2020-06-05 23:07:05:389
1.838;0.249;-10.697;0.1351;0.1236;-1.0401;-0.0702;0.0351;-0.3509;37306;2020-06-05 23:07:05:490
1.744;0.445;-10.627;0.122;0.1918;-0.9587;-0.193;0.0;1.1228;37406;2020-06-05 23:07:05:590
1.698;0.295;-10.524;0.0153;0.0625;-0.8656;-0.2281;0.0351;1.8947;37506;2020-06-05 23:07:05:690
1.631;-0.056;-10.525;0.0082;-0.1072;-0.8537;-0.4035;0.0;3.1579;37606;2020-06-05 23:07:05:790
1.502;-0.253;-10.267;-0.1238;-0.2066;-0.5962;-0.5439;0.0;3.7719;37706;2020-06-05 23:07:05:890
1.437;-0.566;-10.231;-0.1861;-0.4721;-0.5601;-0.7368;0.1053;4.2105;37805;2020-06-05 23:07:05:989
1.392;-0.663;-9.938;-0.2055;-0.6066;-0.2625;-0.8421;-0.0526;4.5614;37906;2020-06-05 23:07:06:090
1.526;-0.744;-9.949;0.1514;-0.6289;-0.2398;-0.6316;0.0351;4.4912;38006;2020-06-05 23:07:06:190
1.601;-0.708;-9.616;0.1057;-0.5143;0.074;-0.5614;0.2105;4.193;38106;2020-06-05 23:07:06:290
1.886;-0.739;-9.676;0.4874;-0.3075;0.0208;-0.3509;0.1228;3.3684;38206;2020-06-05 23:07:06:390
2.012;-0.719;-9.409;0.5021;-0.195;0.2665;-0.4035;0.2105;2.5965;38306;2020-06-05 23:07:06:490
2.209;-0.506;-9.417;0.7454;-0.0254;0.2679;-0.2807;-0.0877;1.2456;38406;2020-06-05 23:07:06:590
2.229;-0.35;-9.286;0.7327;0.0787;0.3963;-0.0351;0.1228;0.2807;38505;2020-06-05 23:07:06:689
2.233;-0.475;-9.359;0.6593;0.0239;0.3077;0.2807;-0.0702;-1.1754;38606;2020-06-05 23:07:06:790
2.147;-0.583;-9.441;0.4338;-0.0423;0.1997;0.3684;0.0526;-2.1053;38706;2020-06-05 23:07:06:890
1.93;-0.709;-9.532;0.136;-0.196;0.0955;0.5088;-0.1404;-3.4035;38806;2020-06-05 23:07:06:990
1.772;-0.829;-9.7;-0.0642;-0.4305;-0.075;0.4561;-0.0526;-4.0175;38906;2020-06-05 23:07:07:090
1.531;-0.714;-9.785;-0.3531;-0.6147;-0.1616;0.6316;0.0;-4.5439;39005;2020-06-05 23:07:07:189
1.425;-0.688;-9.854;-0.5074;-0.7228;-0.2397;0.807;0.1053;-4.614;39106;2020-06-05 23:07:07:290
1.453;-0.581;-10.381;-0.3059;-0.5468;-0.7334;0.8772;-0.193;-4.5088;39206;2020-06-05 23:07:07:390
1.473;-0.492;-10.271;-0.3785;-0.4661;-0.6408;0.6842;0.1053;-4.0175;39306;2020-06-05 23:07:07:490
1.581;-0.116;-10.483;-0.1038;-0.2173;-0.8227;0.4912;-0.2632;-3.4561;39406;2020-06-05 23:07:07:590
1.636;0.144;-10.54;-0.0161;-0.0871;-0.8763;0.2632;0.2105;-2.386;39506;2020-06-05 23:07:07:690
1.747;0.378;-10.629;0.0922;0.119;-0.9664;0.3333;-0.0702;-1.5088;39605;2020-06-05 23:07:07:789
1.793;0.336;-10.594;0.0987;0.152;-0.9366;0.1228;0.0877;-0.1404;39705;2020-06-05 23:07:07:889
1.814;0.254;-10.781;0.1653;0.1685;-1.1143;-0.1579;-0.0877;1.193;39806;2020-06-05 23:07:07:990
1.775;0.164;-10.789;0.0873;0.0702;-1.1291;-0.4211;0.193;2.0;39906;2020-06-05 23:07:08:090
1.644;-0.025;-10.58;-0.0395;-0.1801;-0.9202;-0.5439;-0.2105;3.0702;40006;2020-06-05 23:07:08:190
1.591;-0.164;-10.536;-0.0501;-0.2826;-0.8684;-0.5088;0.0175;3.7018;40106;2020-06-05 23:07:08:290
1.571;-0.524;-10.436;-0.0505;-0.4326;-0.7648;-0.5614;0.0526;4.193;40206;2020-06-05 23:07:08:390
1.569;-0.646;-10.19;-0.0961;-0.4511;-0.5277;-0.6842;0.1404;4.2807;40306;2020-06-05 23:07:08:490
1.701;-0.76;-10.253;0.192;-0.5122;-0.5663;-0.7544;0.0877;4.0877;40406;2020-06-05 23:07:08:590
1.707;-0.622;-9.699;0.1248;-0.4426;-0.0225;-0.7193;0.0702;3.7544;40505;2020-06-05 23:07:08:689
1.899;-0.512;-9.599;0.4378;-0.2461;0.0945;-0.2807;-0.0702;3.0175;40605;2020-06-05 23:07:08:789
2.049;-0.511;-9.574;0.5236;-0.0911;0.1042;-0.193;0.2807;2.3333;40705;2020-06-05 23:07:08:889
2.164;-0.532;-9.343;0.6218;0.0833;0.3221;-0.0702;-0.1228;1.1404;40806;2020-06-05 23:07:08:990
2.194;-0.474;-9.279;0.5948;0.1637;0.3753;-0.0877;0.1579;0.2807;40906;2020-06-05 23:07:09:090
2.148;-0.408;-9.222;0.5259;0.1222;0.435;0.0175;-0.1579;-0.9649;41006;2020-06-05 23:07:09:190
2.075;-0.363;-9.246;0.4017;0.0435;0.4083;0.1754;0.1228;-1.7368;41106;2020-06-05 23:07:09:290
1.89;-0.466;-9.172;0.1;-0.0939;0.4627;0.5789;-0.2281;-2.7018;41206;2020-06-05 23:07:09:390
1.813;-0.65;-9.565;-0.0223;-0.2373;0.0595;0.5439;0.0877;-3.2807;41305;2020-06-05 23:07:09:489
1.671;-0.624;-9.646;-0.2098;-0.3406;-0.0256;0.5088;-0.1579;-3.7719;41406;2020-06-05 23:07:09:590
1.604;-0.572;-9.762;-0.2565;-0.4461;-0.1343;0.4912;-0.0175;-3.9123;41506;2020-06-05 23:07:09:690
1.57;-0.328;-10.038;-0.1993;-0.4074;-0.3926;0.5789;0.0175;-3.7895;41606;2020-06-05 23:07:09:790
1.596;-0.283;-10.23;-0.2022;-0.3899;-0.5902;0.6667;0.2281;-3.5088;41706;2020-06-05 23:07:09:890
1.697;-0.155;-10.427;-0.0882;-0.1935;-0.7843;0.5965;-0.193;-2.8947;41806;2020-06-05 23:07:09:990
1.802;-0.04;-10.741;0.0799;-0.0672;-1.0868;0.3509;0.1754;-2.3684;41905;2020-06-05 23:07:10:089
1.847;0.161;-10.682;0.1254;0.0285;-1.0286;0.1404;-0.1228;-1.4211;42006;2020-06-05 23:07:10:190
1.901;0.307;-10.874;0.2055;0.0734;-1.2179;0.0;0.193;-0.7368;42106;2020-06-05 23:07:10:290
1.875;0.403;-10.677;0.1735;0.143;-1.0226;0.0877;-0.1579;0.386;42206;2020-06-05 23:07:10:390
1.939;0.235;-10.932;0.2541;0.1026;-1.2721;-0.0351;0.193;1.0877;42306;2020-06-05 23:07:10:490
1.861;0.013;-10.743;0.1125;-0.0034;-1.0935;-0.2456;-0.0702;1.7193;42405;2020-06-05 23:07:10:589
1.769;-0.01;-10.619;0.0445;-0.0608;-0.9653;-0.5614;0.0877;2.6491;42506;2020-06-05 23:07:10:690
1.686;-0.201;-10.387;0.0012;-0.2679;-0.7264;-0.5614;-0.0702;3.2982;42606;2020-06-05 23:07:10:790
1.624;-0.257;-10.187;-0.064;-0.28;-0.5267;-0.5263;0.0351;3.5965;42706;2020-06-05 23:07:10:890
1.637;-0.515;-10.021;0.0699;-0.3192;-0.3424;-0.4386;-0.0175;3.7895;42806;2020-06-05 23:07:10:990
1.68;-0.588;-9.924;0.068;-0.2846;-0.2555;-0.614;0.3684;3.6842;42906;2020-06-05 23:07:11:090
1.752;-0.59;-9.552;0.1782;-0.2509;0.1216;-0.5614;-0.2281;3.3158;43006;2020-06-05 23:07:11:190
1.843;-0.476;-9.535;0.3551;-0.1461;0.1525;-0.4912;0.1754;2.8947;43106;2020-06-05 23:07:11:290
1.96;-0.401;-9.154;0.4352;-0.0457;0.5269;-0.3158;-0.0175;2.3509;43206;2020-06-05 23:07:11:390
2.087;-0.372;-9.305;0.5883;0.098;0.375;-0.0351;0.1404;1.3684;43305;2020-06-05 23:07:11:489
2.162;-0.512;-9.165;0.5989;0.1228;0.4954;0.0175;-0.1404;0.2105;43406;2020-06-05 23:07:11:590
2.193;-0.48;-9.366;0.6042;0.1266;0.2921;-0.0351;0.1228;-0.614;43506;2020-06-05 23:07:11:690
2.086;-0.389;-9.231;0.3649;0.0109;0.4152;0.1579;-0.2105;-1.7544;43606;2020-06-05 23:07:11:790
2.017;-0.424;-9.54;0.3278;-0.1183;0.1152;0.3333;0.0351;-2.5088;43706;2020-06-05 23:07:11:890
1.822;-0.532;-9.573;-0.0282;-0.2847;0.0544;0.5263;0.0;-3.0877;43806;2020-06-05 23:07:11:990
1.788;-0.664;-9.96;-0.0919;-0.4061;-0.3387;0.6667;0.0175;-3.7193;43906;2020-06-05 23:07:12:090
1.66;-0.65;-10.046;-0.1651;-0.4823;-0.4121;0.5789;-0.2807;-4.0526;44005;2020-06-05 23:07:12:189
1.646;-0.538;-10.422;-0.1117;-0.5052;-0.7742;0.5088;0.2105;-4.0526;44106;2020-06-05 23:07:12:290
1.591;-0.283;-10.344;-0.2084;-0.4322;-0.705;0.614;-0.1579;-3.7193;44206;2020-06-05 23:07:12:390
1.66;-0.159;-10.61;-0.0535;-0.3281;-0.9557;0.5965;0.1754;-3.3158;44306;2020-06-05 23:07:12:490
1.725;-0.001;-10.528;-0.0493;-0.0925;-0.8836;0.5439;-0.1228;-2.4386;44406;2020-06-05 23:07:12:590
1.851;0.053;-10.934;0.1752;0.0075;-1.2717;0.2281;0.0351;-1.7368;44506;2020-06-05 23:07:12:690
1.792;0.353;-10.459;0.0827;0.1411;-0.8048;0.0;0.0;-0.9649;44606;2020-06-05 23:07:12:790
1.822;0.432;-10.767;0.2048;0.145;-1.0989;-0.0877;0.1053;0.2982;44705;2020-06-05 23:07:12:889
1.74;0.278;-10.485;0.076;0.0527;-0.8232;-0.1404;-0.1754;1.7018;44806;2020-06-05 23:07:12:990
1.709;0.101;-10.585;0.0895;-0.0095;-0.9136;-0.2982;0.1053;2.4737;44906;2020-06-05 23:07:13:090
1.57;-0.232;-10.293;-0.123;-0.2313;-0.6336;-0.5789;-0.1053;3.4211;45006;2020-06-05 23:07:13:190
1.541;-0.375;-10.428;-0.1103;-0.3887;-0.7614;-0.807;0.1228;3.8947;45106;2020-06-05 23:07:13:290
1.425;-0.525;-9.902;-0.173;-0.5637;-0.2265;-0.6842;-0.2632;4.3333;45206;2020-06-05 23:07:13:390
1.511;-0.584;-10.047;-0.0012;-0.5381;-0.3577;-0.5965;0.1754;4.386;45306;2020-06-05 23:07:13:490
1.629;-0.778;-9.604;0.0544;-0.459;0.0702;-0.5263;0.0526;4.2456;45406;2020-06-05 23:07:13:590
1.799;-0.778;-9.791;0.352;-0.3098;-0.103;-0.5263;0.193;3.6491;45506;2020-06-05 23:07:13:690
1.948;-0.657;-9.33;0.4576;-0.2214;0.3529;-0.5088;-0.0702;2.6842;45605;2020-06-05 23:07:13:789
2.122;-0.471;-9.499;0.6718;-0.0769;0.1918;-0.3509;0.0526;1.8772;45706;2020-06-05 23:07:13:890
2.197;-0.393;-9.178;0.682;0.0128;0.5024;0.0175;-0.0877;0.5439;45806;2020-06-05 23:07:13:990
2.272;-0.446;-9.507;0.7444;0.0467;0.1674;0.1579;0.0702;-0.386;45906;2020-06-05 23:07:14:090
2.129;-0.567;-9.213;0.3634;-0.0304;0.4185;0.2982;-0.2105;-1.7895;46006;2020-06-05 23:07:14:190
2.099;-0.645;-9.62;0.3929;-0.1603;0.0249;0.2632;-0.0526;-2.7368;46106;2020-06-05 23:07:14:290
1.804;-0.645;-9.489;-0.0227;-0.4376;0.1438;0.4211;-0.1228;-3.7018;46206;2020-06-05 23:07:14:390
1.668;-0.623;-9.777;-0.1355;-0.545;-0.1379;0.614;0.0702;-4.1228;46306;2020-06-05 23:07:14:490
1.474;-0.691;-9.772;-0.3554;-0.611;-0.1378;0.8596;-0.1404;-4.4035;46405;2020-06-05 23:07:14:589
1.507;-0.675;-10.247;-0.2597;-0.5481;-0.6016;0.7895;0.0351;-4.386;46506;2020-06-05 23:07:14:690
1.47;-0.472;-10.095;-0.3525;-0.4185;-0.4593;0.5965;-0.193;-3.9825;46606;2020-06-05 23:07:14:790
1.573;-0.22;-10.484;-0.0726;-0.294;-0.8167;0.4035;0.0;-3.5088;46706;2020-06-05 23:07:14:890
1.594;0.126;-10.221;-0.1614;-0.1116;-0.5757;0.4386;-0.0351;-2.4912;46806;2020-06-05 23:07:14:990
1.725;0.247;-10.671;0.0734;0.0437;-1.0066;0.3684;0.0526;-1.6842;46906;2020-06-05 23:07:15:090
1.775;0.295;-10.46;0.0401;0.1647;-0.8089;0.1404;-0.0877;-0.386;47006;2020-06-05 23:07:15:190
1.878;0.286;-10.83;0.2298;0.1817;-1.1634;-0.1053;0.0175;0.4561;47105;2020-06-05 23:07:15:289
1.734;0.223;-10.416;-0.0269;0.0038;-0.7712;-0.4035;-0.1404;1.7018;47206;2020-06-05 23:07:15:390
1.72;0.171;-10.69;0.0769;-0.0897;-1.0255;-0.4386;0.0;2.5614;47306;2020-06-05 23:07:15:490
1.617;-0.155;-10.391;-0.1217;-0.2859;-0.7406;-0.4035;-0.0877;3.4561;47406;2020-06-05 23:07:15:590
1.644;-0.393;-10.554;-0.0608;-0.3547;-0.8967;-0.5439;0.0877;3.8421;47506;2020-06-05 23:07:15:690
1.593;-0.614;-10.173;-0.1375;-0.4538;-0.5216;-0.7193;-0.0877;4.1228;47606;2020-06-05 23:07:15:790
1.641;-0.633;-10.313;0.0223;-0.4753;-0.6422;-0.7719;0.0877;4.0877;47705;2020-06-05 23:07:15:889
1.684;-0.566;-9.621;0.0408;-0.3946;0.0455;-0.5439;-0.193;3.7544;47806;2020-06-05 23:07:15:990
1.874;-0.562;-9.883;0.4059;-0.2583;-0.1916;-0.3509;0.0526;3.3333;47906;2020-06-05 23:07:16:090
1.977;-0.573;-9.346;0.3928;-0.0825;0.3194;-0.2632;-0.0175;2.4211;48006;2020-06-05 23:07:16:190
2.121;-0.535;-9.552;0.5959;0.0353;0.1185;-0.2281;0.0351;1.6842;48106;2020-06-05 23:07:16:290
2.146;-0.451;-9.128;0.487;0.067;0.5234;-0.1579;-0.1053;0.4561;48206;2020-06-05 23:07:16:390
2.182;-0.345;-9.347;0.6328;0.0783;0.3273;-0.0526;-0.0877;-0.3333;48306;2020-06-05 23:07:16:490
2.045;-0.341;-9.013;0.2982;0.0057;0.6306;0.2982;-0.0175;-1.4737;48406;2020-06-05 23:07:16:590
2.025;-0.469;-9.338;0.3054;-0.0763;0.3087;0.4386;-0.1404;-2.1754;48505;2020-06-05 23:07:16:689
1.837;-0.603;-9.306;0.0026;-0.2484;0.321;0.4386;-0.1228;-3.0877;48606;2020-06-05 23:07:16:790
1.758;-0.567;-9.58;-0.0184;-0.3183;0.0612;0.4386;-0.1404;-3.4737;48706;2020-06-05 23:07:16:890
1.607;-0.509;-9.615;-0.1856;-0.4454;0.0262;0.5088;-0.0877;-3.7544;48806;2020-06-05 23:07:16:990
1.611;-0.377;-10.002;-0.1013;-0.3808;-0.346;0.614;0.0702;-3.7544;48906;2020-06-05 23:07:17:090
1.581;-0.35;-9.936;-0.2755;-0.326;-0.3067;0.7193;0.1579;-3.5789;49006;2020-06-05 23:07:17:190
1.68;-0.245;-10.449;-0.055;-0.1644;-0.7974;0.5614;-0.0877;-3.1228;49105;2020-06-05 23:07:17:289
1.734;-0.064;-10.325;-0.1066;-0.0894;-0.6927;0.2982;0.0;-2.4211;49206;2020-06-05 23:07:17:390
1.829;0.113;-10.652;0.1035;-0.0288;-0.9994;0.1754;-0.1053;-1.8421;49306;2020-06-05 23:07:17:490
1.822;0.355;-10.472;0.0325;0.0534;-0.8347;0.1404;0.0;-0.8246;49406;2020-06-05 23:07:17:590
1.907;0.361;-10.811;0.197;0.1067;-1.1579;0.1579;-0.0175;-0.1053;49506;2020-06-05 23:07:17:690
1.911;0.147;-10.636;0.0894;0.0238;-1.0008;-0.1404;-0.0702;0.9649;49606;2020-06-05 23:07:17:790
1.911;0.108;-10.823;0.1879;-0.0077;-1.1696;-0.3333;-0.1228;1.5263;49705;2020-06-05 23:07:17:889
1.732;0.053;-10.302;-0.0822;-0.1615;-0.667;-0.4912;0.1404;2.1754;49805;2020-06-05 23:07:17:989
1.749;-0.065;-10.561;0.0317;-0.2474;-0.9076;-0.4561;-0.0526;2.9123;49905;2020-06-05 23:07:18:089
1.646;-0.27;-10.088;-0.1239;-0.2874;-0.4424;-0.4035;-0.1404;3.4211;50005;2020-06-05 23:07:18:189
1.699;-0.442;-10.265;0.0373;-0.2838;-0.6015;-0.4737;0.0877;3.5789;50106;2020-06-05 23:07:18:290
1.653;-0.545;-9.665;-0.1301;-0.2765;-0.0256;-0.6491;0.0;3.5439;50206;2020-06-05 23:07:18:390
1.749;-0.551;-9.784;0.1441;-0.2534;-0.1141;-0.5965;-0.1228;3.3684;50306;2020-06-05 23:07:18:490
1.805;-0.45;-9.306;0.2144;-0.1776;0.367;-0.4561;0.0351;2.8596;50406;2020-06-05 23:07:18:590
1.921;-0.393;-9.348;0.4157;-0.0566;0.3366;-0.2281;-0.0702;2.3684;50506;2020-06-05 23:07:18:690
2.038;-0.458;-9.149;0.436;0.0446;0.5129;-0.1053;0.0702;1.4386;50606;2020-06-05 23:07:18:790
2.152;-0.503;-9.325;0.6236;0.0746;0.3446;-0.1053;-0.1053;0.7193;50705;2020-06-05 23:07:18:889
2.128;-0.371;-9.127;0.4742;0.0767;0.5288;-0.0877;0.0175;-0.4211;50806;2020-06-05 23:07:18:990
2.117;-0.335;-9.265;0.4908;0.0033;0.4;0.0877;-0.1754;-1.1404;50906;2020-06-05 23:07:19:090
2.006;-0.41;-9.294;0.2715;-0.1563;0.3547;0.3684;0.0175;-2.2456;51006;2020-06-05 23:07:19:190
1.945;-0.466;-9.615;0.2067;-0.187;0.0323;0.5439;-0.1053;-2.807;51106;2020-06-05 23:07:19:290
1.822;-0.639;-9.723;-0.0149;-0.336;-0.0947;0.5614;0.0351;-3.2807;51206;2020-06-05 23:07:19:390
1.733;-0.578;-10.095;0.0026;-0.3925;-0.444;0.4912;-0.193;-3.7544;51306;2020-06-05 23:07:19:490
1.666;-0.508;-10.146;-0.1432;-0.4826;-0.5077;0.5614;0.1228;-3.8596;51405;2020-06-05 23:07:19:589
1.665;-0.302;-10.428;-0.0783;-0.3759;-0.7778;0.6667;-0.1579;-3.7193;51506;2020-06-05 23:07:19:690
1.659;-0.252;-10.448;-0.1474;-0.3171;-0.8094;0.6316;0.1228;-3.2456;51606;2020-06-05 23:07:19:790
1.765;-0.099;-10.696;-0.0044;-0.1364;-1.0504;0.5088;-0.1579;-2.7544;51706;2020-06-05 23:07:19:890
1.81;0.023;-10.707;0.06;-0.091;-1.0584;0.1404;0.0526;-1.8596;51806;2020-06-05 23:07:19:990
1.81;0.361;-10.639;0.1459;0.0423;-0.9798;0.0526;-0.1404;-1.1053;51906;2020-06-05 23:07:20:090
1.801;0.414;-10.531;0.0902;0.0343;-0.8822;0.0175;0.0702;0.0877;52006;2020-06-05 23:07:20:190
1.828;0.262;-10.728;0.1952;-0.0135;-1.0622;0.0;-0.2105;0.9298;52105;2020-06-05 23:07:20:289
1.75;0.14;-10.492;0.0315;-0.0551;-0.8391;-0.3333;0.0351;2.1579;52205;2020-06-05 23:07:20:389
1.659;-0.111;-10.467;-0.0669;-0.2677;-0.8147;-0.5439;-0.1053;2.8246;52306;2020-06-05 23:07:20:490
1.556;-0.181;-10.205;-0.2154;-0.3758;-0.5616;-0.6842;-0.0351;3.614;52406;2020-06-05 23:07:20:590
1.511;-0.399;-10.136;-0.147;-0.495;-0.471;-0.5614;-0.2105;3.9825;52506;2020-06-05 23:07:20:690
1.523;-0.515;-9.953;-0.1951;-0.4626;-0.2982;-0.5614;0.1228;4.193;52606;2020-06-05 23:07:20:790
1.646;-0.754;-9.911;0.0527;-0.3921;-0.2414;-0.5263;-0.0877;4.1053;52706;2020-06-05 23:07:20:890
1.738;-0.731;-9.677;0.1426;-0.3141;-0.01;-0.6842;0.1579;3.5789;52806;2020-06-05 23:07:20:990
1.916;-0.588;-9.563;0.4121;-0.2299;0.121;-0.5789;-0.1404;3.0526;52905;2020-06-05 23:07:21:089
2.03;-0.427;-9.446;0.5216;-0.1024;0.2385;-0.2807;0.1053;2.0175;53005;2020-06-05 23:07:21:189
2.185;-0.436;-9.356;0.6785;-0.0046;0.3246;-0.0351;-0.1053;1.193;53106;2020-06-05 23:07:21:290
2.259;-0.463;-9.474;0.6469;0.0469;0.1858;0.0526;0.1404;-0.1404;53206;2020-06-05 23:07:21:390
2.209;-0.538;-9.47;0.5304;-0.027;0.1784;0.1228;-0.2281;-1.0351;53306;2020-06-05 23:07:21:490
2.141;-0.565;-9.528;0.3965;-0.1772;0.1144;0.1579;0.0175;-2.4035;53406;2020-06-05 23:07:21:590
1.903;-0.501;-9.535;0.1347;-0.366;0.11;0.386;-0.1754;-3.0877;53506;2020-06-05 23:07:21:690
1.771;-0.603;-9.71;-0.0256;-0.5138;-0.0697;0.7018;0.1053;-3.8246;53606;2020-06-05 23:07:21:790
1.612;-0.691;-9.909;-0.1634;-0.5243;-0.2658;0.7895;-0.2105;-4.1228;53706;2020-06-05 23:07:21:890
1.571;-0.73;-10.093;-0.246;-0.573;-0.4574;0.6667;0.0351;-4.2456;53806;2020-06-05 23:07:21:990
1.511;-0.456;-10.163;-0.2276;-0.4397;-0.5117;0.5789;-0.2281;-4.0702;53906;2020-06-05 23:07:22:090
1.559;-0.266;-10.37;-0.129;-0.3768;-0.7104;0.4737;0.2456;-3.5088;54006;2020-06-05 23:07:22:190
1.606;0.026;-10.31;-0.1284;-0.1794;-0.6601;0.5263;-0.0526;-2.9123;54105;2020-06-05 23:07:22:289
1.722;0.1;-10.555;0.0246;-0.0802;-0.8981;0.3333;0.1404;-1.8421;54206;2020-06-05 23:07:22:390
1.786;0.249;-10.542;0.1101;0.0853;-0.881;0.193;-0.1579;-1.0351;54306;2020-06-05 23:07:22:490
1.861;0.284;-10.789;0.2184;0.0777;-1.1231;-0.1754;0.193;0.193;54406;2020-06-05 23:07:22:590
1.764;0.331;-10.494;0.0767;-0.0097;-0.8396;-0.2632;-0.2105;1.0351;54506;2020-06-05 23:07:22:690
1.757;0.284;-10.633;0.1055;-0.0624;-0.9726;-0.2982;0.0702;2.2982;54606;2020-06-05 23:07:22:790
1.698;-0.112;-10.53;-0.0152;-0.2792;-0.8756;-0.3333;-0.1053;2.9298;54706;2020-06-05 23:07:22:890
1.672;-0.262;-10.514;-0.0944;-0.3152;-0.8679;-0.614;0.1228;3.5965;54805;2020-06-05 23:07:22:989
1.643;-0.509;-10.401;-0.0762;-0.4645;-0.7463;-0.6667;-0.1754;3.8772;54906;2020-06-05 23:07:23:090
1.614;-0.489;-10.187;-0.1139;-0.4536;-0.5338;-0.7368;0.0702;3.9649;55006;2020-06-05 23:07:23:190
1.707;-0.561;-9.899;0.0862;-0.4119;-0.2284;-0.5263;-0.2281;3.8421;55106;2020-06-05 23:07:23:290
1.848;-0.578;-9.972;0.3075;-0.2888;-0.2914;-0.4386;0.2807;3.3158;55206;2020-06-05 23:07:23:390
1.965;-0.621;-9.531;0.3675;-0.1732;0.1343;-0.386;-0.1228;2.807;55306;2020-06-05 23:07:23:490
2.086;-0.502;-9.641;0.5396;-0.0386;0.0319;-0.386;0.1228;2.1404;55405;2020-06-05 23:07:23:589
2.156;-0.399;-9.319;0.5661;-0.0179;0.3504;-0.2456;-0.1404;1.0351;55506;2020-06-05 23:07:23:690
2.182;-0.313;-9.372;0.6018;0.0149;0.3009;-0.0175;0.1404;-0.1228;55606;2020-06-05 23:07:23:790
2.097;-0.361;-9.131;0.4043;-0.024;0.5226;0.2456;-0.1228;-0.8772;55706;2020-06-05 23:07:23:890
2.091;-0.503;-9.5;0.4137;-0.1068;0.154;0.2807;0.1053;-1.8772;55806;2020-06-05 23:07:23:990
1.91;-0.518;-9.344;0.1474;-0.2232;0.2984;0.3333;-0.1754;-2.4912;55906;2020-06-05 23:07:24:090
1.829;-0.521;-9.572;0.0932;-0.3358;0.078;0.3684;0.0175;-3.193;56006;2020-06-05 23:07:24:190
1.664;-0.442;-9.638;-0.0737;-0.3971;0.0134;0.5439;-0.1053;-3.5614;56106;2020-06-05 23:07:24:290
1.665;-0.435;-9.927;-0.0694;-0.3997;-0.275;0.6316;0.193;-3.6316;56205;2020-06-05 23:07:24:389
1.613;-0.379;-9.912;-0.2154;-0.2865;-0.2778;0.6842;-0.2456;-3.4561;56306;2020-06-05 23:07:24:490
1.717;-0.314;-10.457;-0.0069;-0.2154;-0.8036;0.4561;0.1053;-3.193;56406;2020-06-05 23:07:24:590
1.711;-0.086;-10.231;-0.1163;-0.1694;-0.5965;0.3158;-0.1579;-2.5789;56506;2020-06-05 23:07:24:690
1.804;0.088;-10.649;0.0798;-0.1242;-0.9974;0.193;0.1228;-2.0526;56606;2020-06-05 23:07:24:790
1.814;0.299;-10.44;0.0325;-0.0213;-0.8018;0.2632;-0.1404;-1.0877;56706;2020-06-05 23:07:24:890
1.916;0.266;-10.836;0.2056;0.0203;-1.1828;0.1579;0.1404;-0.4211;56806;2020-06-05 23:07:24:990
1.919;0.168;-10.617;0.1106;-0.0249;-0.9805;-0.1053;-0.1754;0.5439;56906;2020-06-05 23:07:25:090
1.936;0.193;-10.878;0.2098;-0.0413;-1.2273;-0.3333;0.0526;1.1754;57006;2020-06-05 23:07:25:190
1.806;0.102;-10.448;0.0308;-0.1961;-0.808;-0.3509;-0.2105;2.1404;57106;2020-06-05 23:07:25:290
1.796;0.008;-10.579;0.0513;-0.2344;-0.9318;-0.3684;0.0877;2.614;57205;2020-06-05 23:07:25:389
1.72;-0.238;-10.251;-0.0537;-0.2635;-0.6061;-0.3509;-0.1754;3.1754;57306;2020-06-05 23:07:25:490
1.75;-0.377;-10.372;0.0294;-0.2556;-0.7182;-0.5263;0.2105;3.3509;57406;2020-06-05 23:07:25:590
1.685;-0.493;-9.791;-0.0789;-0.3126;-0.146;-0.6316;-0.2632;3.4211;57506;2020-06-05 23:07:25:690
1.762;-0.438;-9.957;0.1842;-0.2625;-0.2797;-0.5965;0.0702;3.3158;57606;2020-06-05 23:07:25:790
1.808;-0.438;-9.427;0.2045;-0.2264;0.2453;-0.386;-0.1053;2.9123;57706;2020-06-05 23:07:25:890
1.929;-0.422;-9.547;0.3905;-0.1067;0.1331;-0.2632;0.0702;2.4912;57806;2020-06-05 23:07:25:990
2.019;-0.494;-9.213;0.423;-0.0377;0.4522;-0.2105;0.0526;1.9649;57906;2020-06-05 23:07:26:090
2.128;-0.46;-9.456;0.5867;0.0011;0.2178;-0.2632;0.1053;0.9825;58005;2020-06-05 23:07:26:189
2.098;-0.312;-9.088;0.4446;-0.0044;0.5734;-0.0702;-0.193;-0.0526;58106;2020-06-05 23:07:26:290
2.154;-0.274;-9.401;0.5825;-0.0124;0.2754;0.0877;0.0;-0.7719;58206;2020-06-05 23:07:26:390
2.023;-0.379;-9.24;0.2991;-0.1188;0.4104;0.3684;-0.1228;-1.8421;58306;2020-06-05 23:07:26:490
2.021;-0.484;-9.688;0.3099;-0.1745;-0.0367;0.4386;0.0;-2.4386;58406;2020-06-05 23:07:26:590
1.842;-0.569;-9.567;0.03;-0.2866;0.0666;0.4561;-0.2632;-3.1404;58506;2020-06-05 23:07:26:690
1.838;-0.53;-10.075;0.1223;-0.3432;-0.4214;0.4035;0.0526;-3.4737;58606;2020-06-05 23:07:26:790
1.668;-0.42;-9.905;-0.2102;-0.4222;-0.2799;0.614;-0.0877;-3.6667;58706;2020-06-05 23:07:26:890
1.695;-0.353;-10.339;-0.0926;-0.3784;-0.6967;0.6491;0.0175;-3.614;58805;2020-06-05 23:07:26:989
1.67;-0.343;-10.339;-0.1976;-0.3682;-0.7119;0.6491;0.1404;-3.4211;58906;2020-06-05 23:07:27:090
1.769;-0.204;-10.653;-0.0307;-0.2515;-1.013;0.4211;-0.0526;-2.8772;59006;2020-06-05 23:07:27:190
1.755;0.082;-10.392;-0.0518;-0.181;-0.7568;0.193;-0.1053;-2.0877;59106;2020-06-05 23:07:27:290
1.829;0.28;-10.701;0.164;-0.1002;-1.0442;0.1404;0.0351;-1.4035;59206;2020-06-05 23:07:27:390
1.817;0.344;-10.44;0.0659;-0.0558;-0.7992;0.1404;-0.1053;-0.2632;59306;2020-06-05 23:07:27:490
1.871;0.287;-10.71;0.2215;-0.0304;-1.0483;0.0;-0.0175;0.4912;59406;2020-06-05 23:07:27:590
1.766;0.129;-10.392;0.0229;-0.1221;-0.7448;-0.2982;-0.1228;1.6842;59505;2020-06-05 23:07:27:689
1.759;0.023;-10.607;0.0745;-0.244;-0.9498;-0.4912;0.0175;2.3684;59606;2020-06-05 23:07:27:790
1.561;-0.074;-10.039;-0.2135;-0.3615;-0.3985;-0.4912;-0.2632;3.2281;59706;2020-06-05 23:07:27:890
1.596;-0.258;-10.312;-0.0672;-0.4196;-0.6488;-0.4561;0.0175;3.6491;59806;2020-06-05 23:07:27:990
1.551;-0.541;-9.864;-0.2085;-0.434;-0.2171;-0.5263;-0.0526;3.9649;59906;2020-06-05 23:07:28:090
1.634;-0.675;-9.988;0.0085;-0.419;-0.3204;-0.614;0.0;3.9649;60006;2020-06-05 23:07:28:190
1.665;-0.658;-9.747;0.0284;-0.3772;-0.082;-0.7193;0.1754;3.7544;60106;2020-06-05 23:07:28:290
1.841;-0.569;-9.677;0.3102;-0.3162;0.0061;-0.5789;-0.0526;3.193;60206;2020-06-05 23:07:28:390
1.983;-0.456;-9.303;0.4451;-0.1766;0.3783;-0.2632;-0.0351;2.3158;60306;2020-06-05 23:07:28:490
2.154;-0.47;-9.517;0.6464;-0.077;0.1651;-0.1228;0.0351;1.5614;60406;2020-06-05 23:07:28:590
2.197;-0.459;-9.213;0.4992;0.024;0.4335;-0.0351;-0.0702;0.2982;60505;2020-06-05 23:07:28:689
2.251;-0.471;-9.508;0.6224;0.0035;0.1508;0.0;-0.1053;-0.5614;60606;2020-06-05 23:07:28:790
2.118;-0.436;-9.313;0.3455;-0.1496;0.3279;0.1579;-0.0877;-1.8947;60706;2020-06-05 23:07:28:890
2.019;-0.416;-9.572;0.2694;-0.2232;0.0754;0.386;-0.0351;-2.614;60806;2020-06-05 23:07:28:990
1.806;-0.593;-9.51;-0.0691;-0.3958;0.1137;0.6842;-0.1053;-3.4386;60906;2020-06-05 23:07:29:090
1.76;-0.688;-9.911;-0.0483;-0.447;-0.2755;0.6842;-0.0702;-3.8246;61006;2020-06-05 23:07:29:190
1.58;-0.67;-9.829;-0.3512;-0.5404;-0.2153;0.5965;-0.0702;-4.0702;61106;2020-06-05 23:07:29:290
1.562;-0.506;-10.124;-0.2314;-0.5066;-0.4827;0.5263;-0.1404;-4.0175;61206;2020-06-05 23:07:29:390
1.526;-0.263;-10.066;-0.3265;-0.4646;-0.438;0.5789;0.1053;-3.5789;61306;2020-06-05 23:07:29:490
1.61;-0.107;-10.372;-0.1653;-0.3318;-0.73;0.5614;0.0;-3.0877;61406;2020-06-05 23:07:29:590
1.693;0.028;-10.333;-0.0923;-0.2085;-0.6931;0.3509;-0.0175;-2.1579;61505;2020-06-05 23:07:29:689
1.775;0.199;-10.546;0.1002;-0.0684;-0.8871;0.1754;-0.0877;-1.4211;61606;2020-06-05 23:07:29:790
1.802;0.306;-10.441;0.0878;-0.0857;-0.7933;-0.0877;-0.0175;-0.1228;61706;2020-06-05 23:07:29:890
1.798;0.374;-10.537;0.1653;-0.074;-0.8776;-0.1228;-0.1404;0.5965;61806;2020-06-05 23:07:29:990
1.739;0.258;-10.379;0.0314;-0.1291;-0.7299;-0.1579;-0.0702;1.8596;61906;2020-06-05 23:07:30:090
1.781;-0.021;-10.659;0.0989;-0.2634;-1.0007;-0.3158;0.0;2.5088;62006;2020-06-05 23:07:30:190
1.656;-0.209;-10.324;-0.1607;-0.3568;-0.6882;-0.5789;-0.0702;3.2632;62105;2020-06-05 23:07:30:289
1.66;-0.319;-10.439;-0.0613;-0.4225;-0.7851;-0.6316;-0.1053;3.614;62206;2020-06-05 23:07:30:390
1.608;-0.448;-9.956;-0.1988;-0.4885;-0.3173;-0.6667;0.1404;3.807;62306;2020-06-05 23:07:30:490
1.698;-0.533;-10.102;0.0468;-0.4371;-0.4358;-0.4737;-0.1754;3.807;62406;2020-06-05 23:07:30:590
1.804;-0.606;-9.79;0.1518;-0.319;-0.1278;-0.4912;0.1754;3.4912;62506;2020-06-05 23:07:30:690
1.917;-0.621;-9.732;0.3333;-0.254;-0.061;-0.4912;-0.0526;3.0877;62606;2020-06-05 23:07:30:790
2.03;-0.46;-9.435;0.4088;-0.1253;0.2309;-0.4386;0.0702;2.2281;62706;2020-06-05 23:07:30:890
2.124;-0.401;-9.488;0.5683;-0.0925;0.1895;-0.2281;0.0;1.193;62806;2020-06-05 23:07:30:990
2.145;-0.299;-9.208;0.4666;-0.0043;0.4495;-0.0526;0.1228;0.4561;62906;2020-06-05 23:07:31:090
2.16;-0.35;-9.285;0.4927;0.0083;0.3722;0.2105;-0.0877;-0.6667;63006;2020-06-05 23:07:31:190
2.102;-0.486;-9.328;0.3476;-0.0859;0.3121;0.193;0.0351;-1.4912;63105;2020-06-05 23:07:31:289
1.99;-0.445;-9.403;0.2528;-0.1371;0.2436;0.2632;-0.0526;-2.4035;63206;2020-06-05 23:07:31:390
1.818;-0.453;-9.377;-0.0046;-0.3187;0.2579;0.3684;0.0351;-2.8947;63306;2020-06-05 23:07:31:490
1.749;-0.433;-9.638;-0.0029;-0.3462;0.0105;0.5614;0.0;-3.3509;63406;2020-06-05 23:07:31:590
1.65;-0.488;-9.684;-0.2483;-0.3913;-0.0633;0.6491;0.2105;-3.4737;63506;2020-06-05 23:07:31:690
1.647;-0.447;-9.925;-0.2126;-0.313;-0.2972;0.5789;-0.1579;-3.4211;63606;2020-06-05 23:07:31:790
1.685;-0.304;-10.163;-0.186;-0.3399;-0.5366;0.4035;0.1404;-3.2456;63706;2020-06-05 23:07:31:890
1.695;-0.118;-10.167;-0.1468;-0.2563;-0.5358;0.3509;-0.0702;-2.7018;63806;2020-06-05 23:07:31:990
1.766;0.065;-10.421;-0.0518;-0.2371;-0.789;0.2807;0.1754;-2.2281;63906;2020-06-05 23:07:32:090
1.804;0.221;-10.449;0.0254;-0.1097;-0.8107;0.2982;-0.0526;-1.3333;64006;2020-06-05 23:07:32:190
1.907;0.164;-10.603;0.1094;-0.1018;-0.9662;0.1754;0.1404;-0.7193;64106;2020-06-05 23:07:32:290
1.933;0.178;-10.673;0.1643;-0.0833;-1.0307;-0.1228;-0.1228;0.2105;64206;2020-06-05 23:07:32:390
1.856;0.284;-10.521;0.0833;-0.0886;-0.8831;-0.2632;0.1053;0.8421;64306;2020-06-05 23:07:32:490
1.845;0.187;-10.562;0.1063;-0.1754;-0.9175;-0.2281;-0.0877;1.8246;64405;2020-06-05 23:07:32:589
1.79;-0.004;-10.39;-0.0181;-0.2257;-0.754;-0.2982;0.0702;2.3158;64506;2020-06-05 23:07:32:690
1.774;-0.155;-10.416;0.0233;-0.2265;-0.7672;-0.3684;-0.0526;2.9123;64606;2020-06-05 23:07:32:790
1.719;-0.323;-10.163;-0.0953;-0.2541;-0.5259;-0.5439;0.1754;3.1404;64706;2020-06-05 23:07:32:890
1.715;-0.404;-9.993;-0.0341;-0.3127;-0.344;-0.5965;-0.2105;3.2982;64806;2020-06-05 23:07:32:990
1.74;-0.363;-9.791;0.1304;-0.266;-0.1178;-0.5439;0.0526;3.2632;64905;2020-06-05 23:07:33:089
1.78;-0.423;-9.631;0.1892;-0.2391;0.044;-0.3684;-0.0175;2.9474;65006;2020-06-05 23:07:33:190
1.907;-0.441;-9.452;0.2933;-0.1019;0.215;-0.3333;0.1228;2.5965;65106;2020-06-05 23:07:33:290
1.984;-0.49;-9.402;0.4328;-0.0805;0.2725;-0.2982;-0.0351;1.8421;65206;2020-06-05 23:07:33:390
2.06;-0.355;-9.243;0.4478;-0.008;0.424;-0.3333;0.1754;1.2281;65306;2020-06-05 23:07:33:490
2.083;-0.274;-9.156;0.4708;0.0025;0.5133;-0.0351;-0.1579;0.2632;65406;2020-06-05 23:07:33:590
2.126;-0.298;-9.31;0.5064;-0.0013;0.3574;0.1053;0.1053;-0.4035;65506;2020-06-05 23:07:33:690
2.089;-0.36;-9.297;0.4251;-0.0188;0.3614;0.3158;-0.0877;-1.4737;65606;2020-06-05 23:07:33:790
2.004;-0.47;-9.471;0.2022;-0.1014;0.1617;0.3333;0.0877;-2.0702;65706;2020-06-05 23:07:33:890
1.932;-0.482;-9.566;0.1343;-0.1656;0.0693;0.3684;-0.2105;-2.8246;65805;2020-06-05 23:07:33:989
1.831;-0.452;-9.862;-0.0067;-0.3151;-0.23;0.386;0.193;-3.193;65906;2020-06-05 23:07:34:090
1.727;-0.411;-9.798;-0.2056;-0.3547;-0.1838;0.6491;-0.1228;-3.4561;66006;2020-06-05 23:07:34:190
1.722;-0.416;-10.241;-0.186;-0.3872;-0.6218;0.6316;0.1228;-3.4912;66106;2020-06-05 23:07:34:290
1.711;-0.35;-10.263;-0.2282;-0.357;-0.65;0.5439;-0.0526;-3.2632;66207;2020-06-05 23:07:34:391
1.778;-0.223;-10.519;-0.1063;-0.3804;-0.8964;0.3684;0.0526;-2.9649;66306;2020-06-05 23:07:34:490
1.756;0.014;-10.427;-0.0742;-0.3087;-0.798;0.2456;-0.0877;-2.2632;66406;2020-06-05 23:07:34:590
1.808;0.258;-10.589;0.0556;-0.1983;-0.951;0.2456;0.193;-1.6667;66506;2020-06-05 23:07:34:690
1.825;0.268;-10.473;0.0693;-0.1459;-0.8337;0.2281;-0.1404;-0.614;66606;2020-06-05 23:07:34:790
1.867;0.239;-10.613;0.1608;-0.081;-0.9612;0.0;0.1053;0.0877;66706;2020-06-05 23:07:34:890
1.824;0.202;-10.49;0.095;-0.1063;-0.8419;-0.2456;-0.1053;1.2632;66806;2020-06-05 23:07:34:990
1.745;0.129;-10.431;0.0015;-0.2146;-0.7867;-0.4035;0.0702;1.9474;66905;2020-06-05 23:07:35:089
1.647;0.032;-10.167;-0.098;-0.282;-0.522;-0.386;-0.2105;2.5789;67006;2020-06-05 23:07:35:190
1.626;-0.208;-10.211;-0.1025;-0.3025;-0.5583;-0.386;0.1579;3.3158;67106;2020-06-05 23:07:35:290
1.599;-0.447;-10.022;-0.1584;-0.3634;-0.3745;-0.5263;-0.0877;3.7193;67206;2020-06-05 23:07:35:390
1.62;-0.561;-9.944;-0.0194;-0.3615;-0.2774;-0.6667;0.0526;3.7895;67306;2020-06-05 23:07:35:490
1.673;-0.588;-9.743;0.0765;-0.3963;-0.0691;-0.6667;-0.0702;3.614;67406;2020-06-05 23:07:35:590
1.804;-0.474;-9.565;0.2675;-0.2902;0.1188;-0.5439;0.0351;3.2982;67505;2020-06-05 23:07:35:689
1.901;-0.49;-9.427;0.3978;-0.2362;0.2604;-0.2456;-0.0877;2.5614;67606;2020-06-05 23:07:35:790
2.105;-0.501;-9.536;0.561;-0.0836;0.1393;-0.2281;0.193;1.8772;67706;2020-06-05 23:07:35:890
2.159;-0.463;-9.273;0.5313;-0.0178;0.3874;-0.1053;-0.1404;0.614;67806;2020-06-05 23:07:35:990
2.23;-0.419;-9.449;0.5859;-0.021;0.2107;-0.0702;0.0702;-0.2105;67906;2020-06-05 23:07:36:090
2.17;-0.369;-9.316;0.4736;-0.0477;0.3375;0.1754;-0.1228;-1.4211;68006;2020-06-05 23:07:36:190
2.057;-0.424;-9.53;0.2649;-0.1374;0.1073;0.386;0.1228;-2.1404;68106;2020-06-05 23:07:36:290
1.923;-0.549;-9.444;0.0328;-0.2302;0.1735;0.614;-0.2281;-3.0526;68206;2020-06-05 23:07:36:390
1.819;-0.675;-9.908;-0.0663;-0.3775;-0.2889;0.5263;0.0702;-3.5263;68305;2020-06-05 23:07:36:489
1.677;-0.621;-9.753;-0.2963;-0.4623;-0.1482;0.5614;-0.1404;-3.8947;68406;2020-06-05 23:07:36:590
1.612;-0.488;-10.143;-0.2576;-0.5423;-0.5164;0.5263;0.0175;-3.9298;68506;2020-06-05 23:07:36:690
1.568;-0.338;-10.044;-0.3412;-0.5141;-0.4266;0.6316;0.0175;-3.6316;68606;2020-06-05 23:07:36:790
1.65;-0.222;-10.363;-0.1892;-0.4313;-0.7326;0.5965;0.0877;-3.2456;68706;2020-06-05 23:07:36:890
1.677;-0.08;-10.289;-0.1193;-0.3112;-0.651;0.3684;-0.1228;-2.4386;68806;2020-06-05 23:07:36:990
1.77;0.166;-10.526;0.1011;-0.1675;-0.8682;0.1754;0.0877;-1.7719;68906;2020-06-05 23:07:37:090
1.775;0.283;-10.379;0.0895;-0.1313;-0.7272;0.0526;-0.1228;-0.614;69006;2020-06-05 23:07:37:190
1.813;0.393;-10.581;0.2163;-0.0488;-0.9153;-0.0175;0.0351;0.1579;69105;2020-06-05 23:07:37:289
1.778;0.318;-10.398;0.117;-0.051;-0.7401;-0.0702;-0.1053;1.4211;69206;2020-06-05 23:07:37:390
1.788;0.009;-10.58;0.0867;-0.1975;-0.9243;-0.2982;0.1228;2.0877;69306;2020-06-05 23:07:37:490
1.707;-0.086;-10.355;-0.0454;-0.2727;-0.708;-0.5263;-0.193;2.9298;69406;2020-06-05 23:07:37:590
1.662;-0.211;-10.407;-0.0185;-0.3714;-0.7467;-0.5614;0.0175;3.3333;69506;2020-06-05 23:07:37:690
1.64;-0.348;-10.107;-0.1046;-0.4323;-0.4571;-0.5088;-0.1404;3.7018;69606;2020-06-05 23:07:37:790
1.737;-0.513;-10.192;0.136;-0.3839;-0.5178;-0.4737;-0.0175;3.7193;69706;2020-06-05 23:07:37:890
1.768;-0.599;-9.921;0.1658;-0.37;-0.2488;-0.5439;0.0;3.4561;69805;2020-06-05 23:07:37:989
1.895;-0.527;-9.796;0.3201;-0.2826;-0.1197;-0.5789;0.1053;3.0877;69906;2020-06-05 23:07:38:090
1.956;-0.453;-9.532;0.3668;-0.227;0.1424;-0.386;-0.1404;2.3333;70006;2020-06-05 23:07:38:190
2.104;-0.356;-9.547;0.5392;-0.0986;0.1306;-0.2632;0.0702;1.6842;70106;2020-06-05 23:07:38:290
2.128;-0.331;-9.297;0.4752;-0.0319;0.3647;0.0;-0.0351;0.6316;70206;2020-06-05 23:07:38:390
2.195;-0.403;-9.468;0.5131;0.0182;0.1842;0.1053;0.0702;-0.2807;70306;2020-06-05 23:07:38:490
2.126;-0.459;-9.268;0.3723;-0.0373;0.3714;0.1228;-0.1404;-1.1053;70406;2020-06-05 23:07:38:590
2.023;-0.381;-9.445;0.2496;-0.1069;0.1961;0.2105;0.1053;-2.0702;70506;2020-06-05 23:07:38:690
1.895;-0.405;-9.308;0.0299;-0.2217;0.3179;0.4211;-0.0702;-2.5614;70605;2020-06-05 23:07:38:789
1.812;-0.45;-9.725;-0.0023;-0.2826;-0.0891;0.5263;-0.0702;-2.9649;70705;2020-06-05 23:07:38:889
1.698;-0.488;-9.584;-0.2579;-0.327;0.0243;0.6316;0.0526;-3.3158;70806;2020-06-05 23:07:38:990
1.715;-0.475;-10.058;-0.1739;-0.3527;-0.4358;0.4912;-0.0175;-3.386;70906;2020-06-05 23:07:39:090
1.676;-0.339;-10.008;-0.2161;-0.3624;-0.3856;0.4035;0.0175;-3.2632;71005;2020-06-05 23:07:39:189
1.713;-0.11;-10.233;-0.1286;-0.3426;-0.6036;0.4035;0.0877;-2.807;71106;2020-06-05 23:07:39:290
1.741;-0.027;-10.275;-0.0975;-0.3264;-0.6469;0.4035;0.0;-2.3684;71206;2020-06-05 23:07:39:390
1.843;0.123;-10.582;0.1022;-0.1628;-0.9353;0.3158;0.1053;-1.5789;71306;2020-06-05 23:07:39:490
1.873;0.144;-10.47;0.0799;-0.1196;-0.8323;0.193;0.0;-1.0;71406;2020-06-05 23:07:39:590
1.945;0.214;-10.757;0.2524;-0.085;-1.1022;-0.1053;0.0;-0.0702;71506;2020-06-05 23:07:39:690
1.881;0.317;-10.512;0.1556;-0.0536;-0.8654;-0.1404;0.0;0.5439;71606;2020-06-05 23:07:39:790
1.897;0.19;-10.695;0.1942;-0.1061;-1.0419;-0.1404;0.0702;1.5263;71705;2020-06-05 23:07:39:889
1.836;0.034;-10.451;0.0617;-0.1513;-0.808;-0.2281;-0.0877;2.0351;71805;2020-06-05 23:07:39:989
1.826;-0.13;-10.531;0.1392;-0.1575;-0.8705;-0.4035;0.0702;2.6491;71906;2020-06-05 23:07:40:090
1.753;-0.229;-10.218;5.0E-4;-0.2192;-0.5692;-0.5263;0.0;2.9298;72006;2020-06-05 23:07:40:190
1.739;-0.286;-10.118;0.0913;-0.2649;-0.4508;-0.5439;-0.0702;3.1579;72106;2020-06-05 23:07:40:290
1.728;-0.328;-9.856;0.1335;-0.2693;-0.18;-0.4561;-0.0877;3.1754;72206;2020-06-05 23:07:40:390
1.816;-0.413;-9.773;0.2459;-0.2211;-0.0948;-0.4035;0.0526;3.0702;72306;2020-06-05 23:07:40:490
1.855;-0.447;-9.514;0.2259;-0.1686;0.1524;-0.3684;0.0;2.6667;72405;2020-06-05 23:07:40:589
2.001;-0.452;-9.592;0.4625;-0.1074;0.0871;-0.3684;0.0877;2.0;72506;2020-06-05 23:07:40:690
2.011;-0.356;-9.251;0.3822;-0.0629;0.415;-0.3158;0.0351;1.4737;72606;2020-06-05 23:07:40:790
2.105;-0.245;-9.322;0.5099;0.038;0.3499;-0.0175;0.0351;0.5789;72706;2020-06-05 23:07:40:890
2.109;-0.305;-9.213;0.4513;0.0431;0.4463;0.1228;0.0175;-0.0526;72806;2020-06-05 23:07:40:990
2.133;-0.381;-9.484;0.4487;0.055;0.1671;0.193;0.0351;-1.1228;72905;2020-06-05 23:07:41:089
2.041;-0.408;-9.341;0.214;-0.0023;0.2854;0.2632;0.0;-1.7193;73005;2020-06-05 23:07:41:189
1.995;-0.427;-9.708;0.1999;-0.1247;-0.0718;0.2982;-0.0351;-2.5088;73106;2020-06-05 23:07:41:290
1.879;-0.401;-9.699;-0.0097;-0.2182;-0.0777;0.4211;0.0877;-2.8947;73206;2020-06-05 23:07:41:390
1.79;-0.422;-9.903;-0.1675;-0.318;-0.2943;0.6316;0.0;-3.2456;73306;2020-06-05 23:07:41:490
1.769;-0.466;-10.105;-0.2066;-0.3794;-0.4998;0.5965;0.0;-3.3509;73406;2020-06-05 23:07:41:590
1.764;-0.342;-10.382;-0.1713;-0.3747;-0.7683;0.5263;-0.0351;-3.3158;73506;2020-06-05 23:07:41:690
1.749;-0.243;-10.299;-0.2014;-0.4201;-0.6899;0.386;0.0;-3.0175;73606;2020-06-05 23:07:41:790
1.793;0.028;-10.565;0.0257;-0.3387;-0.9259;0.3158;0.0702;-2.4211;73705;2020-06-05 23:07:41:889
1.795;0.167;-10.466;-0.0044;-0.2505;-0.8349;0.3684;0.1228;-1.8772;73806;2020-06-05 23:07:41:990
1.892;0.184;-10.692;0.1887;-0.1262;-1.0394;0.2456;-0.0175;-0.9298;73906;2020-06-05 23:07:42:090
1.883;0.203;-10.564;0.1747;-0.0781;-0.9114;0.0175;0.0175;-0.2632;74006;2020-06-05 23:07:42:190
1.866;0.265;-10.617;0.1958;-0.0427;-0.9585;-0.193;0.0175;0.8596;74106;2020-06-05 23:07:42:290
1.782;0.22;-10.351;0.0573;-0.1072;-0.7028;-0.2632;-0.0351;1.5439;74206;2020-06-05 23:07:42:390
1.726;0.07;-10.386;0.0846;-0.155;-0.7203;-0.2807;-0.0351;2.4737;74306;2020-06-05 23:07:42:490
1.681;-0.107;-10.24;-0.0104;-0.1948;-0.5807;-0.3333;0.0526;2.9649;74405;2020-06-05 23:07:42:589
1.653;-0.386;-10.176;-0.0269;-0.286;-0.5148;-0.5614;0.0;3.4561;74506;2020-06-05 23:07:42:690
1.616;-0.463;-9.935;-0.0321;-0.3412;-0.2686;-0.6667;-0.0351;3.614;74606;2020-06-05 23:07:42:790
1.685;-0.48;-9.9;0.1705;-0.375;-0.2116;-0.614;0.0526;3.5789;74706;2020-06-05 23:07:42:890
1.721;-0.45;-9.537;0.1526;-0.3232;0.1426;-0.4912;0.0;3.3684;74806;2020-06-05 23:07:42:990
1.944;-0.526;-9.664;0.4588;-0.2127;0.0245;-0.2807;0.0351;2.7544;74906;2020-06-05 23:07:43:090
2.026;-0.524;-9.496;0.4628;-0.1135;0.1766;-0.2982;0.1404;2.1579;75005;2020-06-05 23:07:43:189
2.156;-0.416;-9.489;0.595;0.0136;0.1831;-0.2105;0.0;1.0877;75106;2020-06-05 23:07:43:290
2.183;-0.365;-9.354;0.5376;0.0311;0.3055;-0.0877;0.0526;0.3158;75206;2020-06-05 23:07:43:390
2.197;-0.322;-9.526;0.5436;0.054;0.1329;0.1754;0.0;-0.9474;75306;2020-06-05 23:07:43:490
2.124;-0.387;-9.433;0.3284;-7.0E-4;0.2001;0.3509;0.0877;-1.6842;75406;2020-06-05 23:07:43:590
2.013;-0.561;-9.668;0.1391;-0.1249;-0.0519;0.4737;-0.1228;-2.6667;75506;2020-06-05 23:07:43:690
1.914;-0.617;-9.759;-0.0183;-0.2565;-0.1514;0.4211;0.0175;-3.193;75606;2020-06-05 23:07:43:790
1.739;-0.539;-9.887;-0.2261;-0.4067;-0.2802;0.5088;0.0;-3.6667;75706;2020-06-05 23:07:43:890
1.654;-0.508;-9.914;-0.3258;-0.5233;-0.3093;0.5789;0.0175;-3.7895;75805;2020-06-05 23:07:43:989
1.623;-0.367;-10.186;-0.2872;-0.5097;-0.5682;0.6316;0.0877;-3.6316;75906;2020-06-05 23:07:44:090
1.618;-0.313;-10.164;-0.3148;-0.4909;-0.5514;0.614;0.0351;-3.3509;76006;2020-06-05 23:07:44:190
1.705;-0.092;-10.434;-0.0287;-0.3345;-0.7849;0.3509;-0.0702;-2.6667;76106;2020-06-05 23:07:44:290
1.729;0.077;-10.418;0.0252;-0.2616;-0.7664;0.2281;0.1404;-2.0702;76206;2020-06-05 23:07:44:390
1.792;0.29;-10.471;0.1599;-0.1169;-0.8097;0.1754;-0.0702;-1.0;76306;2020-06-05 23:07:44:490
1.806;0.345;-10.495;0.1813;-0.0448;-0.8317;0.0877;0.0702;-0.2281;76405;2020-06-05 23:07:44:589
1.847;0.244;-10.613;0.2333;-0.0277;-0.9438;-0.0526;0.0175;1.0;76506;2020-06-05 23:07:44:690
1.807;0.098;-10.483;0.1027;-0.1078;-0.8278;-0.2807;0.0702;1.6842;76606;2020-06-05 23:07:44:790
1.741;-0.003;-10.489;0.0867;-0.2003;-0.8249;-0.4561;-0.1228;2.5789;76706;2020-06-05 23:07:44:890
1.716;-0.034;-10.504;0.0757;-0.232;-0.8375;-0.4912;0.0;2.8421;76806;2020-06-05 23:07:44:990
1.69;-0.314;-10.294;0.0204;-0.3412;-0.6306;-0.4561;-0.0175;3.5088;76906;2020-06-05 23:07:45:090
1.697;-0.458;-10.133;0.0344;-0.3568;-0.4688;-0.4912;0.0;3.614;77006;2020-06-05 23:07:45:190
1.794;-0.578;-10.096;0.2298;-0.3585;-0.4174;-0.5439;-0.0175;3.5614;77106;2020-06-05 23:07:45:290
1.82;-0.5;-9.821;0.2126;-0.3083;-0.1489;-0.614;0.1053;3.193;77206;2020-06-05 23:07:45:390
1.969;-0.424;-9.729;0.4339;-0.201;-0.0458;-0.3509;-0.0702;2.5614;77306;2020-06-05 23:07:45:490
2.045;-0.395;-9.567;0.471;-0.1144;0.1084;-0.2456;0.1228;1.9825;77406;2020-06-05 23:07:45:590
2.154;-0.361;-9.487;0.5417;0.0553;0.1772;-0.0351;0.0;0.9825;77506;2020-06-05 23:07:45:690
2.184;-0.401;-9.429;0.489;0.0859;0.2178;0.0;0.1053;0.2632;77606;2020-06-05 23:07:45:790
2.165;-0.395;-9.411;0.4665;0.0775;0.2359;0.0526;-0.1053;-0.8947;77706;2020-06-05 23:07:45:890
2.083;-0.326;-9.383;0.2966;0.0425;0.2525;0.1579;0.1228;-1.5614;77806;2020-06-05 23:07:45:990
1.956;-0.384;-9.449;0.0909;-0.0917;0.1742;0.4386;-0.0877;-2.3684;77906;2020-06-05 23:07:46:090
1.873;-0.464;-9.547;-0.0374;-0.1793;0.0676;0.5088;0.0351;-2.807;78005;2020-06-05 23:07:46:189
1.762;-0.47;-9.686;-0.2167;-0.2393;-0.0838;0.5439;-0.0526;-3.2105;78106;2020-06-05 23:07:46:290
1.743;-0.486;-9.848;-0.2442;-0.3478;-0.2458;0.4737;0.0;-3.3158;78206;2020-06-05 23:07:46:390
1.685;-0.276;-10.034;-0.2073;-0.3657;-0.4121;0.4035;-0.0175;-3.2105;78306;2020-06-05 23:07:46:490
1.692;-0.166;-10.109;-0.2136;-0.3865;-0.4918;0.4561;0.1754;-2.9825;78406;2020-06-05 23:07:46:590
1.757;-0.044;-10.322;-0.056;-0.298;-0.6877;0.5088;-0.1053;-2.4035;78506;2020-06-05 23:07:46:690
1.814;0.017;-10.486;0.0474;-0.221;-0.8427;0.3509;0.1404;-1.9298;78606;2020-06-05 23:07:46:790
1.889;0.124;-10.568;0.142;-0.118;-0.9212;0.1579;-0.0877;-1.1053;78705;2020-06-05 23:07:46:889
1.92;0.199;-10.656;0.2078;-0.0939;-1.0044;0.0;0.0351;-0.5088;78805;2020-06-05 23:07:46:989
1.899;0.335;-10.55;0.2231;6.0E-4;-0.8934;0.0;-0.0526;0.4912;78906;2020-06-05 23:07:47:090
1.901;0.225;-10.619;0.1864;-0.0253;-0.9667;-0.0526;0.1053;1.0877;79006;2020-06-05 23:07:47:190
1.886;0.016;-10.591;0.1765;-0.0607;-0.9348;-0.2281;-0.1053;1.8772;79106;2020-06-05 23:07:47:290
1.842;-0.044;-10.502;0.1467;-0.0693;-0.843;-0.386;0.0526;2.2982;79206;2020-06-05 23:07:47:390
1.799;-0.168;-10.348;0.1171;-0.1766;-0.6867;-0.4912;-0.0526;2.7895;79306;2020-06-05 23:07:47:490
1.759;-0.209;-10.158;0.0857;-0.2087;-0.4952;-0.4912;0.0;3.0;79406;2020-06-05 23:07:47:590
1.741;-0.299;-9.944;0.129;-0.2341;-0.271;-0.4035;-0.1754;3.1053;79505;2020-06-05 23:07:47:689
1.804;-0.391;-9.895;0.2337;-0.1935;-0.2169;-0.4386;0.2105;3.0;79606;2020-06-05 23:07:47:790
1.866;-0.442;-9.627;0.2693;-0.1453;0.0442;-0.4035;-0.0877;2.6316;79706;2020-06-05 23:07:47:890
1.954;-0.403;-9.619;0.3815;-0.0907;0.0557;-0.4035;0.1053;2.2632;79806;2020-06-05 23:07:47:990
2.002;-0.312;-9.347;0.4125;-0.0212;0.3256;-0.2281;-0.0702;1.5439;79906;2020-06-05 23:07:48:090
2.072;-0.256;-9.37;0.4682;0.0644;0.2993;-0.0702;0.1404;0.9825;80006;2020-06-05 23:07:48:190
2.115;-0.344;-9.289;0.4558;0.1204;0.3651;0.0877;-0.0351;0.386;80106;2020-06-05 23:07:48:290
2.132;-0.375;-9.434;0.4285;0.1242;0.2107;0.0877;0.0702;-0.6491;80206;2020-06-05 23:07:48:390
2.051;-0.357;-9.373;0.2471;0.0546;0.2575;0.193;-0.1228;-1.5439;80306;2020-06-05 23:07:48:490
2.014;-0.371;-9.585;0.1817;-0.0448;0.0434;0.2456;0.0351;-2.0877;80406;2020-06-05 23:07:48:590
1.901;-0.343;-9.675;-0.0034;-0.1433;-0.0571;0.4561;-0.0351;-2.7018;80505;2020-06-05 23:07:48:689
1.848;-0.399;-9.829;-0.1165;-0.2349;-0.2225;0.5614;0.1053;-3.0;80606;2020-06-05 23:07:48:790
1.8;-0.45;-10.034;-0.1533;-0.332;-0.4246;0.5263;-0.1754;-3.2281;80706;2020-06-05 23:07:48:890
1.788;-0.369;-10.299;-0.1198;-0.3646;-0.6797;0.4211;0.1053;-3.2281;80806;2020-06-05 23:07:48:990
1.741;-0.173;-10.221;-0.1505;-0.3767;-0.6007;0.4386;-0.1404;-2.9474;80906;2020-06-05 23:07:49:090
1.786;-0.061;-10.545;0.0237;-0.3394;-0.902;0.4035;0.0877;-2.6316;81006;2020-06-05 23:07:49:190
1.798;0.095;-10.425;0.0184;-0.1862;-0.7853;0.4386;-0.0526;-1.9123;81106;2020-06-05 23:07:49:290
1.879;0.105;-10.66;0.1619;-0.1059;-1.0071;0.2807;0.0351;-1.3509;81205;2020-06-05 23:07:49:389
1.879;0.203;-10.552;0.205;-0.0086;-0.8916;0.1053;-0.0702;-0.7544;81306;2020-06-05 23:07:49:490
1.874;0.306;-10.594;0.2205;0.0554;-0.931;-0.1053;0.1053;0.3333;81406;2020-06-05 23:07:49:590
1.802;0.227;-10.394;0.1229;-0.0054;-0.735;-0.1404;-0.1579;1.3509;81506;2020-06-05 23:07:49:690
1.783;0.129;-10.465;0.1498;-0.0228;-0.7965;-0.2105;0.0351;1.9649;81606;2020-06-05 23:07:49:790
1.727;-0.108;-10.297;0.0699;-0.1035;-0.6314;-0.3509;-0.0351;2.7368;81706;2020-06-05 23:07:49:890
1.676;-0.253;-10.229;0.0113;-0.1838;-0.5649;-0.5439;0.1053;3.1228;81805;2020-06-05 23:07:49:989
1.637;-0.373;-9.951;0.0343;-0.3064;-0.2764;-0.5965;-0.1754;3.4561;81906;2020-06-05 23:07:50:090
1.678;-0.384;-10.008;0.1651;-0.3191;-0.319;-0.5789;0.0877;3.5088;82006;2020-06-05 23:07:50:190
1.725;-0.454;-9.608;0.1527;-0.2851;0.0703;-0.4737;0.0;3.4211;82106;2020-06-05 23:07:50:290
1.872;-0.512;-9.729;0.3551;-0.2063;-0.0452;-0.3509;0.1053;2.9825;82206;2020-06-05 23:07:50:390
1.99;-0.536;-9.481;0.4222;-0.1123;0.1902;-0.3509;0.0526;2.5088;82305;2020-06-05 23:07:50:489
2.092;-0.416;-9.525;0.5331;-0.0023;0.1481;-0.2982;0.0877;1.5789;82406;2020-06-05 23:07:50:590
2.151;-0.324;-9.293;0.5152;0.0706;0.3682;-0.1404;0.0;0.8772;82506;2020-06-05 23:07:50:690
2.208;-0.331;-9.537;0.5671;0.0964;0.122;0.1053;0.0526;-0.3333;82606;2020-06-05 23:07:50:790
2.13;-0.401;-9.432;0.3393;0.0697;0.1983;0.3158;-0.0526;-1.4386;82706;2020-06-05 23:07:50:890
2.098;-0.501;-9.64;0.2494;-0.0232;-0.021;0.3333;0.0;-2.1228;82806;2020-06-05 23:07:50:990
1.929;-0.513;-9.641;0.0;-0.1902;-0.0314;0.3509;-0.0877;-2.7193;82905;2020-06-05 23:07:51:089
1.836;-0.488;-9.856;-0.0871;-0.3211;-0.2412;0.4386;0.0877;-3.3509;83006;2020-06-05 23:07:51:190
1.672;-0.464;-9.827;-0.3059;-0.4605;-0.2219;0.6491;-0.1404;-3.614;83106;2020-06-05 23:07:51:290
1.68;-0.441;-10.186;-0.2028;-0.4774;-0.5619;0.614;0.0702;-3.6316;83206;2020-06-05 23:07:51:390
1.632;-0.324;-10.073;-0.2794;-0.4335;-0.4551;0.5789;-0.1404;-3.3333;83306;2020-06-05 23:07:51:490
1.697;-0.183;-10.425;-0.0584;-0.3447;-0.7781;0.4035;-0.0351;-2.9649;83406;2020-06-05 23:07:51:590
1.693;0.09;-10.27;-0.024;-0.218;-0.6197;0.2982;0.0;-2.1579;83505;2020-06-05 23:07:51:689
1.765;0.217;-10.443;0.1135;-0.1047;-0.7818;0.2807;0.0175;-1.4912;83606;2020-06-05 23:07:51:790
1.799;0.281;-10.376;0.1289;0.0232;-0.716;0.1754;-0.0877;-0.4035;83706;2020-06-05 23:07:51:890
1.854;0.259;-10.612;0.2449;0.07;-0.9401;-0.0175;0.0702;0.4035;83806;2020-06-05 23:07:51:990
1.81;0.152;-10.407;0.1056;-0.0165;-0.7511;-0.2632;-0.1053;1.4561;83906;2020-06-05 23:07:52:090
1.781;0.098;-10.513;0.1313;-0.0852;-0.8478;-0.386;-0.0351;2.0877;84006;2020-06-05 23:07:52:190
1.691;-0.045;-10.291;0.0206;-0.1924;-0.6288;-0.4035;-0.0351;2.6316;84106;2020-06-05 23:07:52:290
1.717;-0.211;-10.415;0.0711;-0.2431;-0.7475;-0.4211;0.0702;3.2281;84205;2020-06-05 23:07:52:389
1.693;-0.447;-10.089;0.0042;-0.3166;-0.4297;-0.5088;-0.1228;3.4912;84306;2020-06-05 23:07:52:490
1.755;-0.495;-10.222;0.1713;-0.3127;-0.5458;-0.614;0.0702;3.4737;84406;2020-06-05 23:07:52:590
1.795;-0.453;-9.762;0.1441;-0.3054;-0.0964;-0.5614;-0.0351;3.193;84506;2020-06-05 23:07:52:690
1.907;-0.409;-9.824;0.3306;-0.2175;-0.1468;-0.386;-0.0175;2.8421;84606;2020-06-05 23:07:52:790
2.02;-0.42;-9.49;0.3849;-0.0729;0.1731;-0.193;0.0;2.0877;84705;2020-06-05 23:07:52:889
2.139;-0.411;-9.632;0.5126;0.0483;0.0279;-0.1404;0.0702;1.4561;84805;2020-06-05 23:07:52:989
2.147;-0.39;-9.336;0.3946;0.1323;0.2987;-0.0526;-0.0351;0.4211;84906;2020-06-05 23:07:53:090
2.178;-0.374;-9.451;0.455;0.1368;0.1896;0.0;-0.0351;-0.3684;85006;2020-06-05 23:07:53:190
2.063;-0.286;-9.262;0.2221;0.1043;0.3624;0.2105;-0.0351;-1.3509;85106;2020-06-05 23:07:53:290
2.031;-0.342;-9.482;0.1669;0.028;0.1387;0.3684;0.0;-1.9298;85206;2020-06-05 23:07:53:390
1.884;-0.481;-9.455;-0.0963;-0.1344;0.1434;0.4737;-0.1228;-2.6491;85306;2020-06-05 23:07:53:490
1.855;-0.471;-9.732;-0.0984;-0.1927;-0.1259;0.4386;-0.0175;-2.9825;85405;2020-06-05 23:07:53:589
1.723;-0.419;-9.664;-0.2694;-0.3373;-0.0622;0.4561;-0.1228;-3.2105;85506;2020-06-05 23:07:53:690
1.705;-0.313;-9.978;-0.1547;-0.3578;-0.3494;0.4386;-0.0526;-3.2105;85606;2020-06-05 23:07:53:790
1.664;-0.181;-9.948;-0.2406;-0.356;-0.3297;0.5439;0.0526;-2.9474;85706;2020-06-05 23:07:53:890
1.743;-0.129;-10.24;-0.0697;-0.2797;-0.6035;0.5263;-0.0877;-2.6316;85806;2020-06-05 23:07:53:990
1.795;-0.02;-10.308;0.0146;-0.1602;-0.6653;0.3158;0.0;-2.0;85906;2020-06-05 23:07:54:090
1.86;0.099;-10.516;0.145;-0.0778;-0.8621;0.193;-0.0175;-1.4912;86005;2020-06-05 23:07:54:189
1.88;0.239;-10.436;0.1499;-0.0258;-0.7868;0.0526;-0.0351;-0.614;86106;2020-06-05 23:07:54:290
1.907;0.313;-10.594;0.2508;0.0395;-0.9321;0.0351;-0.0175;0.0526;86206;2020-06-05 23:07:54:390
1.904;0.193;-10.501;0.1531;0.0241;-0.8534;-0.0351;0.0;0.9474;86306;2020-06-05 23:07:54:490
1.932;0.047;-10.671;0.2211;-0.0227;-1.015;-0.193;-0.0351;1.4737;86406;2020-06-05 23:07:54:590
1.831;-0.009;-10.36;0.0959;-0.0706;-0.7083;-0.4035;-0.0877;2.1404;86506;2020-06-05 23:07:54:690
1.82;-0.063;-10.461;0.151;-0.1264;-0.7976;-0.4386;0.0;2.5088;86606;2020-06-05 23:07:54:790
1.757;-0.177;-10.063;0.0343;-0.1665;-0.4089;-0.4035;-0.0702;2.8947;86706;2020-06-05 23:07:54:890
1.789;-0.288;-10.132;0.1636;-0.1845;-0.4615;-0.3684;-0.0702;3.0;86805;2020-06-05 23:07:54:989
1.805;-0.391;-9.799;0.1264;-0.1685;-0.1396;-0.4561;0.1754;2.9649;86905;2020-06-05 23:07:55:089
1.85;-0.398;-9.769;0.2014;-0.1414;-0.1053;-0.4737;0.0;2.7368;87006;2020-06-05 23:07:55:190
1.76;0.708;-9.557;0.0139;0.951;0.0899;-0.5088;0.0702;1.8772;87106;2020-06-05 23:07:55:290
1.962;0.053;-9.603;0.4983;-0.0624;0.0931;-0.6667;-0.5088;1.193;87206;2020-06-05 23:07:55:390
0.962;-1.037;-14.795;-0.0898;-1.3179;-5.049;0.3158;-0.7544;-0.0175;87306;2020-06-05 23:07:55:490
-1.897;2.418;-16.441;-0.5879;0.8553;-6.8486;-3.807;-4.3684;-1.1053;87405;2020-06-05 23:07:55:589
-7.503;4.984;-7.655;-1.7172;-0.0361;-1.5318;-2.8596;-4.1754;1.1053;87506;2020-06-05 23:07:55:690
-6.555;5.111;-3.076;-0.0085;-1.3988;0.2309;-1.807;-3.1754;1.614;87606;2020-06-05 23:07:55:790
-3.81;4.99;0.256;2.2393;-2.7275;0.1268;-1.2632;-2.4912;0.9649;87707;2020-06-05 23:07:55:891
-3.161;6.065;1.172;2.2537;-1.9941;-0.2073;-0.4211;-1.4912;0.6316;87806;2020-06-05 23:07:55:990
-3.425;6.799;2.789;1.2384;-1.4741;0.3439;-0.3509;-1.1579;0.0877;87906;2020-06-05 23:07:56:090
-2.673;7.437;2.703;1.6947;-0.7631;-0.4358;-0.4211;-0.807;0.0175;88006;2020-06-05 23:07:56:190
-3.233;8.211;3.136;0.9357;0.0487;-0.3524;0.0877;0.193;0.0526;88105;2020-06-05 23:07:56:289
-3.427;8.346;3.177;0.6653;0.1374;-0.2932;-0.0175;0.0;0.0175;88206;2020-06-05 23:07:56:390
-3.16;8.224;2.989;0.8526;-0.0411;-0.44;0.2456;0.0877;-0.0175;88306;2020-06-05 23:07:56:490
-3.392;8.439;2.761;0.5786;0.1141;-0.5709;-0.0877;-0.193;-0.0702;88406;2020-06-05 23:07:56:590
-3.131;8.552;2.242;0.731;0.2162;-1.1888;-0.3684;-0.4211;-0.1579;88505;2020-06-05 23:07:56:689